вопрос;тип вопроса;варианты ответов;правильный ответ;источник;;;;;;;;;;;;;;;;;;;;
На какие системы распространяется СП 60.13330?;Несколько;"системы отопления; тепловые сети; системы холодоснабжения; системы кондиционирования; системы внутреннего водоснабжения; системы канализации; системы внутреннего теплоснабжения; системы вентиляции; системы аспирации, пневмотранспорта и пылегазоудаления от технологического оборудования и пылесосных установок";"системы отопления; системы холодоснабжения; системы кондиционирования; системы внутреннего теплоснабжения; системы вентиляции";СП 60.13330.2020, п.1.1 Настоящий свод правил распространяется на проектирование систем внутреннего тепло- и холодоснабжения, отопления, вентиляции и кондиционирования воздуха в строящихся, реконструируемых или капитально ремонтируемых зданиях, общественных, высотой не более 50 м и жилых зданиях, высотой не более 75 м, включая многофункциональные здания и здания одного функционального назначения.;;;;;;;;;;;;;;;;;;;;
На какие здания не распространяется СП 60.13330?;Несколько;"защитные сооружения гражданской обороны; жилые здания высотой не более 75 м; объекты подземных горных работ и помещений, в которых хранятся или применяются взрывчатые вещества; общественные здания высотой более 50 м; строящиеся, реконструируемые или капитально ремонтируемые здания";"защитные сооружения гражданской обороны; объекты подземных горных работ и помещений, в которых хранятся или применяются взрывчатые вещества; общественные здания высотой более 50 м";"СП 60.13330.2020, П.1.1, П 1.2 Настоящий свод правил не распространяется на системы отопления, вентиляции и кондиционирования воздуха защитных сооружений гражданской обороны; сооружений, предназначенных для работ с радиоактивными веществами, источниками ионизирующих излучений; объектов подземных горных работ и помещений, в которых производятся, хранятся или применяются взрывчатые вещества; специальных нагревающих, охлаждающих и обеспыливающих установок и устройств для технологического и электротехнического оборудования; аспирации, пневмотранспорта и пылегазоудаления от технологического оборудования и пылесосных установок; на помещения, в которых параметры микроклимата и воздухообмена задаются технологическими требованиями, размещенные в зданиях и сооружениях, отнесенных в соответствии с [2] к опасным производственным объектам; на помещения зданий и сооружений, в которых осуществляется обращение веществ [13, приложение 1, пункты 1) и 6)]; на помещения, в которых осуществляется обращение с патогенами, представляющими биологическую угрозу";;;;;;;;;;;;;;;;;;;;
"Выберите верное определение 
""Вентиляция - это""";Один;"Автоматическое поддержание в закрытых помещениях всех или отдельных параметров воздуха (температуры, относительной влажности, чистоты, скорости движения) для обеспечения, главным образом, оптимальных параметров микроклимата, наиболее благоприятных для самочувствия людей, ведения технологического процесса, обеспечения сохранности ценностей.; Обмен воздуха в помещениях для удаления избытка теплоты, влаги и вредных веществ с целью обеспечения допустимого микроклимата и качества воздуха в обслуживаемом помещении или рабочей зоне; Смешение воздуха из помещения с наружным воздухом и подача этой смеси в это же или другие помещения (после очистки или тепловлажностной обработки) или перемешивание воздуха в пределах одного помещения, сопровождаемое очисткой, нагреванием (охлаждением) его отопительными агрегатами, вентиляторными и эжекционными доводчиками, вентиляторами-веерами и др; Система, работающая в холодный период года преимущественно в режиме естественной вентиляции, а в теплый период года - в режиме механической вентиляции, конструктивно предусматривающая возможность работы системы в обоих режимах";Обмен воздуха в помещениях для удаления избытка теплоты, влаги и вредных веществ с целью обеспечения допустимого микроклимата и качества воздуха в обслуживаемом помещении или рабочей зоне;СП 60.13330.2020, п.3.1.2 Обмен воздуха в помещениях для удаления избытка теплоты, влаги и вредных веществ с целью обеспечения допустимого микроклимата и качества воздуха в обслуживаемом помещении или рабочей зоне;;;;;;;;;;;;;;;;;;;;
"Вставьте пропущенный фрагмент:
_________ - участок сборного воздуховода, к которому присоединяются воздуховоды из двух или большего числа этажей либо воздухоприточные или воздухозаборные устройства на двух и более этажах. (Ответ указать без сокращений и через пробел, при необходимости)";текстовый;;"Вентиляционный коллектор; вентиляционный коллектор";СП 60.13330.2020, п.3.1.3;;;;;;;;;;;;;;;;;;;;
"Вставьте пропущенный фрагмент: 
______ - строительная конструкция, внутри которой может быть расположен один или несколько воздуховодов и предназначенная для забора наружного (воздухозаборная) или выброса отработанного (вытяжная) воздуха системы вентиляции. (Ответ указать без сокращений и через пробел, при необходимости)";текстовый;;"Вентиляционная шахта; вентиляционная шахта";СП 60.13330.2020, п.3.1.4;;;;;;;;;;;;;;;;;;;;
"Укажите верное определение ""Дисбаланса воздухообмена""";Один;"Разность расходов воздуха, подаваемого в помещение (здание) и удаляемого из него системами вентиляции, кондиционирования и воздушного отопления с механическим побуждением; Разность расходов воздуха, подаваемого в помещение (здание) и удаляемого из него системами вентиляции, кондиционирования и воздушного отопления с естественным побуждением; Разность расходов воздуха, удаляемого из помещения (здания) и подаваемого в него системами вентиляции, кондиционирования и воздушного отопления с механическим или естесственным побуждением";Разность расходов воздуха, подаваемого в помещение (здание) и удаляемого из него системами вентиляции, кондиционирования и воздушного отопления с механическим побуждением;СП 60.13330.2020, п.3.1.10 Разность расходов воздуха, подаваемого в помещение (здание) и удаляемого из него системами вентиляции, кондиционирования и воздушного отопления с механическим побуждением;;;;;;;;;;;;;;;;;;;;
"Вставьте пропущенный фрагмент:
_____ - помещение, при входе в которое для предотвращения перетекания воздуха имеется тамбур-шлюз или создается повышенное или пониженное давление воздуха по отношению к смежным помещениям. (Ответ написать с заглавной буквы, в едиственном числе, без сокращений и через пробел, при необходимости)";текстовый;;"Защищаемое помещение; защищаемое помещение";СП 60.13330.2020, п.3.1.11;;;;;;;;;;;;;;;;;;;;
"Укажите верное определение ""Зоны дыхания""";Один;"Пространство радиусом 1,5 м от лица человека; Пространство радиусом 0,5 м от лица человека; Пространство вокруг человека со свежим воздухом";Пространство радиусом 0,5 м от лица человека;СП 60.13330.2020, п.3.1.12 Пространство радиусом 0,5 м от лица человека.;;;;;;;;;;;;;;;;;;;;
"Укажите верное определение ""Избытков теплоты""";Один;"Разность тепловых потоков, поступающих в помещение и уходящих из него, ассимилируемых системами вентиляции и кондиционирования воздуха; Повторное использование тепла воздуха, удаляемого из помещения (здания); Разность расходов теплоты, подаваемого в помещение (здание) и ассимилируемого системами вентиляции, кондиционирования";Разность тепловых потоков, поступающих в помещение и уходящих из него, ассимилируемых системами вентиляции и кондиционирования воздуха;СП 60.13330.2020, п.3.1.13 Разность тепловых потоков, поступающих в помещение и уходящих из него, ассимилируемых системами вентиляции и кондиционирования воздуха.;;;;;;;;;;;;;;;;;;;;
"Укажите верное определение ""Кондиционирования""";Один;"Обмен воздуха в помещениях для удаления избытка теплоты, влаги и вредных веществ с целью обеспечения допустимого микроклимата и качества воздуха в обслуживаемом помещении или рабочей зоне; Смешение воздуха из помещения с наружным воздухом и подача этой смеси в это же или другие помещения (после очистки или тепловлажностной обработки) или перемешивание воздуха в пределах одного помещения, сопровождаемое очисткой, нагреванием (охлаждением) его отопительными агрегатами, вентиляторными и эжекционными доводчиками, вентиляторами-веерами и др; Автоматическое поддержание в закрытых помещениях всех или отдельных параметров воздуха (температуры, относительной влажности, чистоты, скорости движения) для обеспечения, главным образом, оптимальных параметров микроклимата, наиболее благоприятных для самочувствия людей, ведения технологического процесса, обеспечения сохранности ценностей.";Автоматическое поддержание в закрытых помещениях всех или отдельных параметров воздуха (температуры, относительной влажности, чистоты, скорости движения) для обеспечения, главным образом, оптимальных параметров микроклимата, наиболее благоприятных для самочувствия людей, ведения технологического процесса, обеспечения сохранности ценностей.;СП 60.13330.2020, п.3.1.14 Автоматическое поддержание в закрытых помещениях всех или отдельных параметров воздуха (температуры, относительной влажности, чистоты, скорости движения) для обеспечения, главным образом, оптимальных параметров микроклимата, наиболее благоприятных для самочувствия людей, ведения технологического процесса, обеспечения сохранности ценностей.;;;;;;;;;;;;;;;;;;;;
"Укажите верное определение ""Местный отсос""";Один;"Устройство для улавливания вредных и взрывоопасных газов, пыли, аэрозолей и паров у мест их образования, присоединяемое к воздуховодам систем местных отсосов и являющееся, как правило, составной частью технологического оборудования; Устройство, монтируемое на вытяжную шахту или оголовок вытяжного воздуховода системы естественной вентиляции; Динамический вентиляционный дефлектор, состоящий из неподвижного основания и вращающейся турбинной части";Устройство для улавливания вредных и взрывоопасных газов, пыли, аэрозолей и паров у мест их образования, присоединяемое к воздуховодам систем местных отсосов и являющееся, как правило, составной частью технологического оборудования;СП 60.13330.2020, п.3.1.15 Устройство для улавливания вредных и взрывоопасных газов, пыли, аэрозолей и паров (зонт, бортовой отсос, вытяжной шкаф, кожух-воздухоприемник и т.п.) у мест их образования (станок, аппарат, ванна, рабочий стол, камера, шкаф и т.п.), присоединяемое к воздуховодам систем местных отсосов и являющееся, как правило, составной частью технологического оборудования.;;;;;;;;;;;;;;;;;;;;
"Укажите верное определение ""Помещение и зона без естественного проветривания""";Один;"Помещение, при входе в которое для предотвращения перетекания воздуха имеется тамбур-шлюз или создается повышенное или пониженное давление воздуха по отношению к смежным помещениям;Помещение без открываемых окон или проемов в наружных стенах или зоны помещения с открываемыми окнами (проемами) в наружных стенах, расположенных на расстоянии от внутренних стен, превышающем пятикратную высоту помещения; Помещение, в котором из технологического и другого оборудования частично выделяются в воздух вредные вещества в количествах, не создающих (в течение смены) концентраций, превышающих ПДК в воздухе рабочей зоны";" Помещение без открываемых окон или проемов в наружных стенах или зоны помещения с открываемыми окнами (проемами) в наружных стенах, расположенных на расстоянии от внутренних стен, превышающем пятикратную высоту помещения; ";СП 60.13330.2020, п.3.1.17 Помещение без открываемых окон или проемов в наружных стенах или зоны помещения с открываемыми окнами (проемами) в наружных стенах, расположенных на расстоянии от внутренних стен, превышающем пятикратную высоту помещения.;;;;;;;;;;;;;;;;;;;;
"Укажите верное определение ""Помещение, не имеющее выделений вредных веществ""";Один;"Помещение, при входе в которое для предотвращения перетекания воздуха имеется тамбур-шлюз или создается повышенное или пониженное давление воздуха по отношению к смежным помещениям;Помещение без открываемых окон или проемов в наружных стенах или зоны помещения с открываемыми окнами (проемами) в наружных стенах, расположенных на расстоянии от внутренних стен, превышающем пятикратную высоту помещения; Помещение, в котором из технологического и другого оборудования частично выделяются в воздух вредные вещества в количествах, не создающих (в течение смены) концентраций, превышающих ПДК в воздухе рабочей зоны";Помещение, в котором из технологического и другого оборудования частично выделяются в воздух вредные вещества в количествах, не создающих (в течение смены) концентраций, превышающих ПДК в воздухе рабочей зоны;СП 60.13330.2020, п.3.1.18 Помещение, в котором из технологического и другого оборудования частично выделяются в воздух вредные вещества в количествах, не создающих (в течение смены) концентраций, превышающих ПДК в воздухе рабочей зоны.;;;;;;;;;;;;;;;;;;;;
Постоянное рабочее место это?;Один;"Место, где люди работают более 1 ч непрерывно или более 50% рабочего времени; Место, где люди работают более 2 ч непрерывно или более 50% рабочего времени; Место, где люди работают более 3 ч непрерывно или более 40% рабочего времени; Место, где люди работают более 4 ч непрерывн";Место, где люди работают более 2 ч непрерывно или более 50% рабочего времени;СП 60.13330.2020, п.3.1.19 Место, где люди работают более 2 ч непрерывно или более 50% рабочего времени.;;;;;;;;;;;;;;;;;;;;
"Укажите верное определение ""Рекуперация тепла вытяжного воздуха""";Один;"Повторное использование тепла воздуха, удаляемого из помещения (здания); Смешение воздуха из помещения с наружным воздухом и подача этой смеси в это же или другие помещения (после очистки или тепловлажностной обработки) или перемешивание воздуха в пределах одного помещения, сопровождаемое очисткой, нагреванием (охлаждением) его отопительными агрегатами, вентиляторными и эжекционными доводчиками, вентиляторами-веерами и др; Обмен воздуха в помещениях для удаления избытка теплоты, влаги и вредных веществ с целью обеспечения допустимого микроклимата и качества воздуха в обслуживаемом помещении или рабочей зоне";Повторное использование тепла воздуха, удаляемого из помещения (здания);СП 60.13330.2020, п.3.1.20 Повторное использование тепла воздуха, удаляемого из помещения (здания).;;;;;;;;;;;;;;;;;;;;
"Укажите верное определение ""Рециркуляция воздуха""";Один;"Повторное использование тепла воздуха, удаляемого из помещения (здания); Смешение воздуха из помещения с наружным воздухом и подача этой смеси в это же или другие помещения (после очистки или тепловлажностной обработки) или перемешивание воздуха в пределах одного помещения, сопровождаемое очисткой, нагреванием (охлаждением) его отопительными агрегатами, вентиляторными и эжекционными доводчиками, вентиляторами-веерами и др; Обмен воздуха в помещениях для удаления избытка теплоты, влаги и вредных веществ с целью обеспечения допустимого микроклимата и качества воздуха в обслуживаемом помещении или рабочей зоне";Смешение воздуха из помещения с наружным воздухом и подача этой смеси в это же или другие помещения (после очистки или тепловлажностной обработки) или перемешивание воздуха в пределах одного помещения, сопровождаемое очисткой, нагреванием (охлаждением) его отопительными агрегатами, вентиляторными и эжекционными доводчиками, вентиляторами-веерами и др;СП 60.13330.2020, п.3.1.21 Смешение воздуха из помещения с наружным воздухом и подача этой смеси в это же или другие помещения (после очистки или тепловлажностной обработки) или перемешивание воздуха в пределах одного помещения, сопровождаемое очисткой, нагреванием (охлаждением) его отопительными агрегатами, вентиляторными и эжекционными доводчиками, вентиляторами-веерами и др.;;;;;;;;;;;;;;;;;;;;
"Вставьте пропущенный фрагмент:
_______ - Устройство, обеспечивающее компенсацию удлинения трубопровода (при нагревании или охлаждении трубопровода) вдоль его оси. (Ответ написать с заглавной буквы, в едиственном числе, без сокращений и через пробел, при необходимости)";текстовый;;"Сильфонный компенсатор; сильфонный компенсатор; компенсатор сильфонный";СП 60.13330.2020, п.3.1.22;;;;;;;;;;;;;;;;;;;;
"Укажите верное определение ""Система централизованного теплоснабжения""";Один;"Система, в которой источник теплоты и теплоприемники потребителей либо совмещены в одном агрегате, либо размещены столь близко, что передача теплоты от источника до теплоприемников может осуществляться практически без промежуточного звена - тепловой сети; Система, в которой источник производства тепловой энергии работает на теплоснабжение группы зданий и связан тепловыми сетями с потребителями теплоты; Совокупность взаимосвязанных конструктивных элементов, предназначенных для получения, переноса и передачи теплоты в обогреваемые помещения здания";Система, в которой источник производства тепловой энергии работает на теплоснабжение группы зданий и связан тепловыми сетями с потребителями теплоты;СП 60.13330.2020, п.3.1.29 Система, в которой источник производства тепловой энергии работает на теплоснабжение группы зданий и связан тепловыми сетями с потребителями теплоты.;;;;;;;;;;;;;;;;;;;;
"К чему относится указанное определение:
Пространство определенного объема в помещении, в котором предусмотрено нахождение людей и заданы требования к параметрам воздушной среды. (Ответ написать с заглавной буквы, в едиственном числе, без сокращений и через пробел, при необходимости)";Один;"эксплуатируемая (рабочая) зона; верхняя зона помещения; зона дыхания; постоянное рабочее место";эксплуатируемая (рабочая) зона;СП 60.13330.2020, п.3.1.32 Пространство определенного объема в помещении, в котором предусмотрено нахождение людей и заданы требования к параметрам воздушной среды.;;;;;;;;;;;;;;;;;;;;
"К чему относится указанное определение:
Система вентиляции, в холодный период года работающая преимущественно в режиме естественной вентиляции, а в теплый период года - в режиме механической вентиляции, конструктивно предусматривающая возможность работы системы в обоих режимах.(Ответ написать с заглавной буквы, в едиственном числе, без сокращений и через пробел, при необходимости)";Один;"аварийная вентиляция; кондиционирование воздуха; гибридная вентиляция; естественная вентиляция";гибридная вентиляция;СП 60.13330.2020, п.3.1.37 Система вентиляции, в холодный период года работающая преимущественно в режиме естественной вентиляции, а в теплый период года - в режиме механической вентиляции, конструктивно предусматривающая возможность работы системы в обоих режимах.;;;;;;;;;;;;;;;;;;;;
Какую температуру необходимо принимать для холодного периода в обслуживаемой зоне жилых помещений:;Один;"температуру воздуха минимальную из допустимых температур; температуру воздуха по оптимальным параметрам ГОСТ 30494; температуру воздуха в пределах допустимых значений по ГОСТ 30494";температуру воздуха по оптимальным параметрам ГОСТ 30494;"СП 60.13330.2020, п.5.1 а) в холодный период года в обслуживаемой зоне жилых помещений - температуру воздуха по оптимальным параметрам ГОСТ 30494;";;;;;;;;;;;;;;;;;;;;
Какую температуру необходимо принимать в холодный период года в обслуживаемой зоне общественных и административно-бытовых зданий или в рабочей зоне производственных помещений:;Один;"температуру воздуха минимальную из допустимых температур; температуру воздуха в пределах допустимых температур, но не более чем на 3°C для общественных и административно-бытовых помещений; температуру воздуха в пределах допустимых значений по ГОСТ 12.1.005; температуру воздуха минимальную из допустимых температур при отсутствии избытков теплоты в помещениях или в пределах допустимых параметров в помещениях с избытками теплоты";температуру воздуха минимальную из допустимых температур при отсутствии избытков теплоты в помещениях или в пределах допустимых параметров в помещениях с избытками теплоты;"СП 60.13330.2020, п.5.1 б) в холодный период года в обслуживаемой зоне общественных и административно-бытовых зданий или в рабочей зоне производственных помещений - температуру воздуха минимальную из допустимых температур при отсутствии избытков теплоты в помещениях или в пределах допустимых параметров в помещениях с избытками теплоты. В производственных помещениях площадью более 50 м на одного работающего допускается обеспечивать расчетную температуру воздуха только на постоянных рабочих местах и более низкую (но не ниже 10°C) температуру воздуха на непостоянных рабочих местах;";;;;;;;;;;;;;;;;;;;;
Какую температуру необходимо принимать в теплый период года в обслуживаемой или рабочей зоне общественных, административно-бытовых и производственных помещений при наличии избытков теплоты;Несколько;"температуру воздуха минимальную из допустимых температур; температуру воздуха в пределах допустимых температур, но не более чем на 3°C для общественных и административно-бытовых помещений; температуру воздуха в пределах допустимых значений по ГОСТ 12.1.005; не более чем на 4°C для производственных помещений выше расчетной температуры наружного воздуха по параметрам А";"температуру воздуха в пределах допустимых температур, но не более чем на 3°C для общественных и административно-бытовых помещений; не более чем на 4°C для производственных помещений выше расчетной температуры наружного воздуха по параметрам А";"СП 60.13330.2020, п.5.1 в) в теплый период года в обслуживаемой или рабочей зоне общественных, административно-бытовых и производственных помещений при наличии избытков теплоты - температуру воздуха в пределах допустимых температур, но не более чем на 3°C для общественных и административно-бытовых помещений и не более чем на 4°C для производственных помещений выше расчетной температуры наружного воздуха по параметрам А, а при отсутствии избытков теплоты - температуру воздуха в пределах допустимых значений по ГОСТ 30494; в обслуживаемой зоне жилых помещений - температуру воздуха в пределах допустимых значений по ГОСТ 30494;";;;;;;;;;;;;;;;;;;;;
Какую температуру необходимо принимать в теплый период года в обслуживаемой или рабочей зоне общественных, административно-бытовых и производственных помещений при отсутствии избытков теплоты;Один;"температуру воздуха минимальную из допустимых температур; температуру воздуха в пределах допустимых значений по ГОСТ 30494; температуру воздуха в пределах допустимых значений по ГОСТ 12.1.005; не более чем на 4°C выше расчетной температуры наружного воздуха по параметрам А";"температуру воздуха в пределах допустимых значений по ГОСТ 30494; ";"СП 60.13330.2020, п.5.1 в) в теплый период года в обслуживаемой или рабочей зоне общественных, административно-бытовых и производственных помещений при наличии избытков теплоты - температуру воздуха в пределах допустимых температур, но не более чем на 3°C для общественных и административно-бытовых помещений и не более чем на 4°C для производственных помещений выше расчетной температуры наружного воздуха по параметрам А, а при отсутствии избытков теплоты - температуру воздуха в пределах допустимых значений по ГОСТ 30494; в обслуживаемой зоне жилых помещений - температуру воздуха в пределах допустимых значений по ГОСТ 30494;";;;;;;;;;;;;;;;;;;;;
Допускается ли параметры микроклимата (или один из параметров) принимать в пределах оптимальных значений вместо допустимых?;Один;"нет, параметры должны быть строго соблюдены; да, по заданию на проектирование; да, на усмотрение проектировщика";да, по заданию на проектирование;СП 60.13330.2020, п.5.1 Параметры микроклимата (или один из параметров) допускается принимать в пределах оптимальных значений вместо допустимых по заданию на проектирование.;;;;;;;;;;;;;;;;;;;;
Допускается ли в помещениях отапливаемых производственных зданий, когда они не используются, в нерабочее время или при устранении аварий на системе теплоснабжения, понижать температуру ниже расчетной:;Один;"да, до плюс 12 град.; нет, расчетные параметры должны быть соблюдены; да, до плюс 5 град.; да, при экономическом обосновании";да, до плюс 5 град.;"СП 60.13330.2020, п.5.2 В холодный период года в помещениях отапливаемых зданий (кроме помещений, для которых параметры воздуха установлены другими нормативными документами), когда они не используются, в нерабочее время и при устранении аварий на системе теплоснабжения, следует поддерживать температуру воздуха не ниже:
15°C - в жилых помещениях;
12°C - в помещениях общественных и административно-бытовых зданий;
5°C - в производственных помещениях.";;;;;;;;;;;;;;;;;;;;
В каких случаях допускается понижать температуру в жилых помещениях до плюс 15 °C:;Несколько;"при неиспользовании этого помещении; при экономическом обосновании; при устранении аварий в системе теплоснабжения; в нерабочее время; во всех перечисленных случаях; не допускается понижение температуры";"при неиспользовании этого помещении; при устранении аварий в системе теплоснабжения; в нерабочее время";"СП 60.13330.2020, п.5.2 В холодный период года в помещениях отапливаемых зданий (кроме помещений, для которых параметры воздуха установлены другими нормативными документами), когда они не используются, в нерабочее время и при устранении аварий на системе теплоснабжения, следует поддерживать температуру воздуха не ниже:
15°C - в жилых помещениях;
12°C - в помещениях общественных и административно-бытовых зданий;
5°C - в производственных помещениях.";;;;;;;;;;;;;;;;;;;;
Параметры для систем кондиционирования производственных помещений, в которых выполняются операторские работы необходимо предусматривать:;Один;"в пределах допустимых значений ; в пределах оптимальных значений ; экономически целесообразную";в пределах оптимальных значений ;СП 60.13330.2020, п.5.3 Параметры микроклимата при кондиционировании воздуха помещений (кроме помещений, для которых параметры микроклимата установлены другими нормативными документами или заданием на проектирование) следует предусматривать для обеспечения параметров воздуха в пределах оптимальных значений;;;;;;;;;;;;;;;;;;;;
Для дошкольных образовательных учреждений, поликлиник и больниц качество воздуха необходимо принимать: ;Один;"в пределах допустимых значений ; в пределах оптимальных значений ; экономически целесообразную";в пределах оптимальных значений ;СП 60.13330.2020, п.5.4 Для дошкольных образовательных организаций, больниц и поликлиник следует принимать оптимальные показатели качества воздуха.;;;;;;;;;;;;;;;;;;;;
Для жилых и общественных зданий качество воздуха следует принимать:;Один;"в пределах допустимых значений ; в пределах оптимальных значений ; в пределах допустимых значений или в пределах оптимальных значений по заданию на проектирование ";в пределах допустимых значений или в пределах оптимальных значений по заданию на проектирование ;"СП 60.13330.2020, п.5.4 Для жилых и общественных зданий следует принимать допустимые показатели качества воздуха; оптимальные показатели воздуха для указанных зданий необходимо принимать по заданию на проектирование.";;;;;;;;;;;;;;;;;;;;
"К каким помещениям относится следующее требование к параметрам внутреннего воздуха: 
а) в холодный период года и переходные условия при отсутствии избытков теплоты - плюс 10°C, а при наличии избытков теплоты - экономически целесообразную температуру;
б) в теплый период года при отсутствии избытков теплоты - равную температуре наружного воздуха (параметры А), а при наличии избытков теплоты - на 4°C выше температуры наружного воздуха (параметры А), но не выше 29°C.";Один;"для производственных помещениях горячих цехов при облучении с поверхностной плотностью лучистого теплового потока 140 Вт/м и более ; В производственных помещениях площадью более 50 м на одного работающего; Для производственных помещений с полностью автоматизированным технологическим оборудованием, функционирующим без присутствия людей при отсутствии технологических требований к температурному режиму помещений; ";"Для производственных помещений с полностью автоматизированным технологическим оборудованием, функционирующим без присутствия людей при отсутствии технологических требований к температурному режиму помещений; ";СП 60.13330.2020, п.5.5 Для производственных помещений с полностью автоматизированным технологическим оборудованием, функционирующим без присутствия людей (кроме дежурного персонала, находящегося в специальном помещении и выходящего в производственное помещение периодически для осмотра и наладки оборудования не более 2 ч непрерывно), при отсутствии технологических требований к температурному режиму помещений температуру воздуха в рабочей зоне следует принимать:;;;;;;;;;;;;;;;;;;;;
"Вставьте пропущенные фрагмент: 
Заданные параметры микроклимата в помещениях жилых, общественных, административно-бытовых и производственных зданий следует обеспечивать в пределах расчетных параметров наружного воздуха для соответствующих районов строительства, принятых по СП 131.13330:
а) параметры А -________;
б) параметры Б - ________.";Один;"параметры А - для систем отопления, вентиляции и воздушного душирования в холодный период года, а также для систем кондиционирования в теплый и холодный периоды года Б -для систем вентиляции и воздушного душирования в теплый период года.; параметры А - для систем вентиляции и воздушного душирования в теплый период года; параметры Б - для систем отопления, вентиляции и воздушного душирования в холодный период года, а также для систем кондиционирования в теплый и холодный периоды года.; параметры А - для систем вентиляции и кондиционирования в теплый период года; параметры Б - для систем отопления, вентиляции, кондиционирования и воздушного душирования в холодный период года; параметры А - для систем вентиляции и кондиционированя в холодный период года; параметры Б - для систем отопления, вентиляции, кондиционирования и воздушного душирования в теплый период года;";"параметры А - для систем вентиляции и воздушного душирования в теплый период года; параметры Б - для систем отопления, вентиляции и воздушного душирования в холодный период года, а также для систем кондиционирования в теплый и холодный периоды года.";"СП 60.13330.2020, п.5.13 Заданные параметры микроклимата в помещениях жилых, общественных, административно-бытовых и производственных зданий следует обеспечивать в пределах расчетных параметров наружного воздуха для соответствующих районов строительства, принятых по СП 131.13330:
параметры А - для систем вентиляции и воздушного душирования в теплый период года;
параметры Б - для систем отопления, вентиляции и воздушного душирования в холодный период года, а также для систем кондиционирования в теплый и холодный периоды года.
Величину удельной энтальпии и влагосодержания наружного воздуха в теплый период года (параметры Б) следует принимать по приложению П (для систем кондиционирования представленных городов), а для других населенных пунктов - принимать максимальной из указанных для данного климатического района по СП 131.13330.";;;;;;;;;;;;;;;;;;;;
Допускается ли принимать параметры наружного воздуха для теплого периода выше и для холодного периода ниже нормативных значений?;Один;"да, по заданию на проектирование при обосновании допускается принимать параметры наружного воздуха ниже в холодный период года и выше в теплый период года, чем расчетные параметры наружного воздуха; нет";да, по заданию на проектирование при обосновании допускается принимать параметры наружного воздуха ниже в холодный период года и выше в теплый период года, чем расчетные параметры наружного воздуха;СП 60.13330.2020, п.5.15 По заданию на проектирование при обосновании допускается принимать параметры наружного воздуха ниже в холодный период года и выше в теплый период года, чем расчетные параметры наружного воздуха;;;;;;;;;;;;;;;;;;;;
Выбрать способы теплоснабжения зданий;Несколько;"по тепловым сетям централизованной системы теплоснабжения от источника теплоты; от индивидуальных теплогенераторов децентрализованной системы теплоснабжения; от автономного источника тепла, обслуживающего одно здание или группу зданий; от комбинированного источника теплоты; от автономного теплогенератора";"по тепловым сетям централизованной системы теплоснабжения от источника теплоты; от индивидуальных теплогенераторов децентрализованной системы теплоснабжения; от автономного источника тепла, обслуживающего одно здание или группу зданий; от комбинированного источника теплоты; от автономного теплогенератора";"СП 60.13330.2020, п.6.1.1 Теплоснабжение зданий может осуществляться:
- по тепловым сетям централизованной системы теплоснабжения от источника теплоты (ТЭЦ, РТС, отдельно стоящие котельные);
- от индивидуальных теплогенераторов децентрализованной системы теплоснабжения;
- от АИТ, обслуживающего одно здание или группу зданий (встроенная, пристроенная или крышная котельная, когенерационная или ТСТ);
- от комбинированного источника теплоты - гибридные теплонасосные системы теплохладоснабжения, работающие совместно с централизованной или децентрализованной системой теплоснабжения);
- от автономного теплогенератора, обслуживающего квартиры одного подъезда многоквартирного жилого дома.";;;;;;;;;;;;;;;;;;;;
Допускается ли при централизованном теплоснабжении производственных и административно-бытовых зданий систему отопления и внутреннего теплоснабжения присоединять по зависимой схеме?;Один;"да; нет";да;"СП 60.13330.2020, п.6.1.3 При централизованной системе теплоснабжения системы внутреннего теплоснабжения и отопления жилых и общественных зданий следует присоединять через ЦТП/ИТП согласно требованиям СП 510.1325800.
Системы внутреннего теплоснабжения и отопления допускается присоединять по зависимой схеме:
- при централизованном теплоснабжении производственных и административно-бытовых зданий;
- при теплоснабжении зданий от автономного источника теплоты;
- при капитальном ремонте зданий существующего жилого фонда и общественных зданий, подключенных к централизованной системе теплоснабжения по зависимой схеме.";;;;;;;;;;;;;;;;;;;;
В каких случаях допускается присоединения систем отопления к тепловым сетям централизованного теплоснабжения через элеватор? ;Несколько;"в районах с нестабильным электроснабжением; при обвязке циркуляционного насоса и в качестве резервного смесительного устройства; при аварийном отключении электроснбжения";"в районах с нестабильным электроснабжением; при обвязке циркуляционного насоса и в качестве резервного смесительного устройства; при аварийном отключении электроснбжения";СП 60.13330.2020, п.6.1.4 Присоединение систем отопления к тепловым сетям централизованного теплоснабжения через элеватор, включая автоматизированный, не допускается, но он может быть использован в обвязке циркуляционного насоса в качестве резервного смесительного устройства при аварийном отключении электроснабжения в районах с нестабильным электроснабжением.;;;;;;;;;;;;;;;;;;;;
"Верно ли утверждение: 
В зданиях с периодическим режимом работы рекомендуется предусматривать автоматическое снижение подачи тепла в систему отопления этого здания в рабочее время";Один;"да; нет";нет;"СП 60.13330.2020, п.6.1.9 В общественных и производственных зданиях следует предусматривать коммерческий учет тепловой энергии в системах внутреннего теплоснабжения на все здание.
В одном здании для групп помещений разного назначения или групп помещений, предназначенных для разных арендаторов (владельцев), по заданию на проектирование следует предусматривать индивидуальные узлы учета тепловой энергии. При проектировании узлов коммерческого учета тепловой энергии следует предусматривать автоматизированные измерительные системы учета и контроля в соответствии с ГОСТ Р 70384.";;;;;;;;;;;;;;;;;;;;
В каких помещениях общественного и производственного зданий следует предусматривать коммерческий учет тепловой энергии?;Один;"на все здание; на часть здания, в которых предусмотрены системы отопления и телоснабжения; коммерческий учет тепловой не предусматривается";на все здание;"СП 60.13330.2020, п.6.1.9 В общественных и производственных зданиях следует предусматривать коммерческий учет тепловой энергии в системах внутреннего теплоснабжения на все здание.
В одном здании для групп помещений разного назначения или групп помещений, ";;;;;;;;;;;;;;;;;;;;
"Верно ли утверждение: 
слив отработанного антифриза в хозяйственно-бытовую или дождевую канализациюдопускается в случае выполнения санитарно-гигиенических требований ";Один;"да; нет";нет;СП 60.13330.2020, п.6.1.12 Слив отработанного антифриза в хозяйственно-бытовую или дождевую канализацию согласно ГОСТ 33341 не допускается.;;;;;;;;;;;;;;;;;;;;
Указать, какую температуру теплоносителя для систем внутреннего теплоснабжения следует принимать для жилых, общественных и производственных зданий;Один;"в жилых и общественных зданиях и комплексах не более 90°C;для производственных не более 120°C.; в жилых и общественных зданиях и комплексах не более 80°C;для производственных не более 115°C.; в жилых и общественных зданиях и комплексах и для производственных не более 100°C.; в жилых и общественных зданиях и комплексах не более 95°C;для производственных не более 115°C.";"в жилых и общественных зданиях и комплексах не более 95°C;для производственных не более 115°C";"СП 60.13330.2020, п.6.1.14 Температуру теплоносителя для систем внутреннего теплоснабжения и отопления следует принимать:
- в жилых и общественных зданиях и комплексах не более 95°C;
- для производственных не более 115°C.";;;;;;;;;;;;;;;;;;;;
В каком случае потери теплоты через внутренние ограждающие конструкции помещений допускается не учитывать?;Один;"если разность температур воздуха в этих помещениях не превышает 4 °C.; если разность температур воздуха в этих помещениях не превышает 3 °C.; если разность температур воздуха в этих помещениях не превышает 5 °C.; если разность температур воздуха в этих помещениях не превышает 2 °C.";если разность температур воздуха в этих помещениях не превышает 4°C.;"СП 60.13330.2020, п.6.2.3 Расчет потерь теплоты отапливаемых помещений для определения установленной мощности системы отопления и расхода теплоты на системы вентиляции допускается выполнять в соответствии с приложением А.
Потери теплоты через внутренние ограждающие конструкции помещений допускается не учитывать, если разность температур воздуха в этих помещениях не превышает 4°C.";;;;;;;;;;;;;;;;;;;;
Какие мероприятия для систем отопления в помещениях первых этажей жилых, общественных и административно-бытовых зданий с проветриваемым техническим подпольем, расположенных в северной строительно-климатической зоне с суровыми и наиболее суровыми условиями (согласно СП 131.13330) следует предусматривать?;Один;"увеличение длины или количества отопительных приборов; повышение температуры теплоносителя; дополнительно систему напольного отопления";дополнительно систему напольного отопления;СП 60.13330.2020, п.6.2.6 В помещениях первых этажей жилых, общественных и административно-бытовых зданий с проветриваемым техническим подпольем, расположенных в северной строительно-климатической зоне с суровыми и наиболее суровыми условиями (согласно СП 131.13330), следует предусматривать дополнительно системы напольного обогрева для обеспечения нормируемого перепада между температурой внутреннего воздуха помещения и температурой поверхности перекрытия;;;;;;;;;;;;;;;;;;;;
Выберите верное утверждение:;Один;"В незадымляемых лестничных клетках типа Н1 следует предусматривать систему отопления; Систему отопления лестничных клеток допускается не предусматривать для зданий, оборудуемых системами квартирного отопления, а также для зданий с любыми системами отопления в районах с расчетной температурой наружного воздуха для холодного периода года минус 5°С и выше (параметры Б).";Систему отопления лестничных клеток допускается не предусматривать для зданий, оборудуемых системами квартирного отопления, а также для зданий с любыми системами отопления в районах с расчетной температурой наружного воздуха для холодного периода года минус 5°С и выше (параметры Б).;"СП 60.13330.2020, п.6.2.8 Отопление лестничных клеток следует проектировать с учетом результатов расчета сопротивления теплопередаче внутренних стен, отделяющих лестничную клетку от жилых и других помещений.
Отопление лестничных клеток допускается не предусматривать:
- в незадымляемых лестничных клетках типа Н1;
- для зданий, оборудуемых системами квартирного отопления, а также для зданий с любыми системами отопления в районах с расчетной температурой наружного воздуха для холодного периода года минус 5°С и выше (параметры Б).";;;;;;;;;;;;;;;;;;;;
Выберите верное утверждение:;Один;"Неучтенные потери циркуляционного давления в системе отопления следует принимать равными 10% максимальных потерь давления; Неучтенные потери циркуляционного давления в системе отопления следует принимать равными 15% максимальных потерь давления; Неучтенные потери циркуляционного давления в системе отопления следует принимать равными 20% максимальных потерь давления";Неучтенные потери циркуляционного давления в системе отопления следует принимать равными 10% максимальных потерь давления;"СП 60.13330.2020, п.6.2.10 Потери давления в системах водяного отопления должны составлять:
- в стояках однотрубных систем и приборных узлах вертикальных двухтрубных систем - не менее 70% общих потерь давления в циркуляционных кольцах без учета потерь давления в общих участках;
- в стояках однотрубных систем отопления с нижней разводкой подающей и верхней разводкой обратной магистрали - не менее 300 Па на каждый метр высоты стояка;
- в двухтрубных вертикальных системах отопления в циркуляционных кольцах через верхние приборы (ветви) - не менее естественного давления в них при расчетных параметрах теплоносителя.
Положения настройки регулирующей и балансировочной арматуры следует определять по результатам гидравлического расчета системы отопления и приводить в рабочей документации. Допускается вместо положения настройки для регулирующей и балансировочной арматуры указывать расчетные расходы теплоносителя.
Скорости теплоносителя в системах не должны превышать величин, приведенных в приложении И.
Располагаемую разность давления воды в подающем и обратном трубопроводах для циркуляции воды в системе отопления следует определять с учетом давления, возникающего при охлаждении воды в трубах и отопительных приборах.
Неучтенные потери циркуляционного давления в системе отопления следует принимать равными 10% максимальных потерь давления.
Невязка потерь давления в циркуляционных кольцах (без учета потерь давления в общих участках) не должна превышать 5% при попутной и 15% при тупиковой разводках трубопроводов.";;;;;;;;;;;;;;;;;;;;
Выберите верное утверждение:;Один;"Невязка потерь давления в циркуляционных кольцах (без учета потерь давления в общих участках) не должна превышать 10% при попутной и тупиковой разводках трубопроводов.; Невязка потерь давления в циркуляционных кольцах (без учета потерь давления в общих участках) не должна превышать 5% при попутной и 15% при тупиковой разводках трубопроводов; Невязка потерь давления в циркуляционных кольцах (без учета потерь давления в общих участках) не должна превышать 15% при попутной и 10% при тупиковой разводках трубопроводов.";Невязка потерь давления в циркуляционных кольцах (без учета потерь давления в общих участках) не должна превышать 5% при попутной и 15% при тупиковой разводках трубопроводов;"СП 60.13330.2020, п.6.2.10 Потери давления в системах водяного отопления должны составлять:
- в стояках однотрубных систем и приборных узлах вертикальных двухтрубных систем - не менее 70% общих потерь давления в циркуляционных кольцах без учета потерь давления в общих участках;
- в стояках однотрубных систем отопления с нижней разводкой подающей и верхней разводкой обратной магистрали - не менее 300 Па на каждый метр высоты стояка;
- в двухтрубных вертикальных системах отопления в циркуляционных кольцах через верхние приборы (ветви) - не менее естественного давления в них при расчетных параметрах теплоносителя.
Положения настройки регулирующей и балансировочной арматуры следует определять по результатам гидравлического расчета системы отопления и приводить в рабочей документации. Допускается вместо положения настройки для регулирующей и балансировочной арматуры указывать расчетные расходы теплоносителя.
Скорости теплоносителя в системах не должны превышать величин, приведенных в приложении И.
Располагаемую разность давления воды в подающем и обратном трубопроводах для циркуляции воды в системе отопления следует определять с учетом давления, возникающего при охлаждении воды в трубах и отопительных приборах.
Неучтенные потери циркуляционного давления в системе отопления следует принимать равными 10% максимальных потерь давления.
Невязка потерь давления в циркуляционных кольцах (без учета потерь давления в общих участках) не должна превышать 5% при попутной и 15% при тупиковой разводках трубопроводов.";;;;;;;;;;;;;;;;;;;;
Какие мероприятия необходимо предусмотреть для обеспечения гидравлической устойчивости двухтрубной системы отопления, стабильной работы термостатов, на стояках системы или на ее горизонтальных поэтажных ветвях:;Один;"предусмотреть регулятор перепада давления; регулятор расхода; ручной балансировочный клапан";предусмотреть регулятор перепада давления;"СП 60.13330.2020, п.6.2.12 Для обеспечения гидравлической устойчивости систем отопления, а также стабильной работы термостатов, на стояках системы или на ее горизонтальных поэтажных ветвях, в том числе поквартирных, следует предусматривать установку автоматических балансировочных клапанов:
- регуляторов перепада давлений в двухтрубных системах отопления;
- регуляторов расхода в однотрубных системах отопления, независимо от методов их расчета.
В водяных стояковых системах отопления допускается не устанавливать автоматические балансировочные клапаны на стояках системы, если располагаемое давление в системе не превышает значения, при котором в регулирующей арматуре контура может возникать эквивалентный уровень звука, превышающий допустимый согласно СП 51.13330. В конструкции балансировочных клапанов должна быть предусмотрена возможность для измерения расходов и (или) перепадов давления согласно ГОСТ Р 70338.
Подбор балансировочных клапанов должен определяться с учетом физических свойств теплоносителя, а также величины пропускной способности, определенной согласно ГОСТ Р 70338.
В системах водяного отопления при централизованном теплоснабжении не допускается применение устройств, позволяющих осуществлять перепуск теплоносителя из подающего в обратный трубопровод, если это приводит к повышению температуры теплоносителя в обратной магистрали тепловой сети в ИТП от значений, указанных в температурном графике тепловых сетей.";;;;;;;;;;;;;;;;;;;;
Допускается ли в системах водяного отопления при централизованном теплоснабжении применение устройств, позволяющих осуществлять перепуск теплоносителя из подающего в обратный трубопровод?;Один;"нет; да";нет;"СП 60.13330.2020, п.6.2.12 Для обеспечения гидравлической устойчивости систем отопления, а также стабильной работы термостатов, на стояках системы или на ее горизонтальных поэтажных ветвях, в том числе поквартирных, следует предусматривать установку автоматических балансировочных клапанов:

- регуляторов перепада давлений в двухтрубных системах отопления;

- регуляторов расхода в однотрубных системах отопления, независимо от методов их расчета.

В водяных стояковых системах отопления допускается не устанавливать автоматические балансировочные клапаны на стояках системы, если располагаемое давление в системе не превышает значения, при котором в регулирующей арматуре контура может возникать эквивалентный уровень звука, превышающий допустимый согласно СП 51.13330. В конструкции балансировочных клапанов должна быть предусмотрена возможность для измерения расходов и (или) перепадов давления согласно ГОСТ Р 70338.
Подбор балансировочных клапанов должен определяться с учетом физических свойств теплоносителя, а также величины пропускной способности, определенной согласно ГОСТ Р 70338.
В системах водяного отопления при централизованном теплоснабжении не допускается применение устройств, позволяющих осуществлять перепуск теплоносителя из подающего в обратный трубопровод, если это приводит к повышению температуры теплоносителя в обратной магистрали тепловой сети в ИТП от значений, указанных в температурном графике тепловых сетей.";;;;;;;;;;;;;;;;;;;;
На какую величину следует изменить тепловой поток отопительного прибора при наличии терморегулятора? ;Один;"на 5%-15% меньше требуемого по расчету; на 10%-15% меньше требуемого по расчету; тепловой поток прибора можно не изменять; на 10%-15% больше требуемого по расчету";на 10%-15% больше требуемого по расчету;"СП 60.13330.2020, п.6.2.13 Номинальный тепловой поток отопительного прибора следует принимать в соответствии с результатами расчета. При наличии терморегулятора номинальный тепловой поток отопительного прибора с терморегулятором следует принимать на 10%-15% больше требуемого по расчету для возможности выбора потребителем диапазона комфортной температуры в пределах оптимальных норм и компенсации неучтенных дополнительных тепловых потерь.
При расчете поверхности отопительных приборов следует учитывать тепловой поток, поступающий от трубопроводов системы отопления в помещение при их открытой прокладке.";;;;;;;;;;;;;;;;;;;;
"Выберите верное утверждение:
";Один;"Удаление воздуха из систем отопления при теплоносителе воде следует предусматривать в нижних точках ; Удаление воздуха из систем отопления при теплоносителе паре следует предусматривать в нижних точках конденсационного самотечного трубопровода; Удаление воздуха из систем отопления при теплоносителе паре следует предусматривать в верхних точках конденсационного самотечного трубопровода";Удаление воздуха из систем отопления при теплоносителе паре следует предусматривать в нижних точках конденсационного самотечного трубопровода;"СП 60.13330.2020, п.6.2.17 Удаление воздуха из систем отопления при теплоносителе воде и из конденсатопроводов, заполненных водой, следует предусматривать в верхних точках, при теплоносителе паре - в нижних точках конденсационного самотечного трубопровода.
В системах водяного отопления для выпуска воздуха следует предусматривать проточные воздухосборники или краны, в том числе автоматические воздухоотводчики. Непроточные воздухосборники допускается применять при скорости движения воды в трубопроводе менее 0,1 м/с. При применении автоматических воздухоотводчиков их размещение в квартирах не допускается. В местах общего пользования размещение автоматических воздухоотводчиков следует организовывать скрыто, обеспечивая к автоматическим воздухоотводчикам беспрепятственный доступ обслуживающего персонала.";;;;;;;;;;;;;;;;;;;;
Укажите значение эквивалентной шероховатости внутренней поверхности из новых стальных трубопроводов для воды;Один;"не менее 0,1 мм; не менее 0,2 мм; не менее 0,3 мм; не менее 0,25 мм";не менее 0,2 мм;"СП 60.13330.2020, п.6.3.2 При гидравлическом расчете эквивалентную шероховатость внутренней поверхности трубопроводов из новых стальных труб систем внутреннего теплоснабжения рекомендуется принимать не менее 0,2 мм для воды, пара и других теплоносителей и 0,5 мм для конденсата.
При зависимом присоединении систем внутреннего теплоснабжения к тепловой сети, а также при использовании существующих трубопроводов из стальных труб (согласно 4.4), эквивалентную шероховатость, следует принимать не менее 0,5 мм для воды, пара и других теплоносителей и 1,0 мм для конденсата.
Эквивалентную шероховатость внутренней поверхности труб из полимерных материалов, а также медных и латунных труб следует принимать не менее 0,01 и 0,11 мм соответственно.";;;;;;;;;;;;;;;;;;;;
Укажите значение эквивалентной шероховатости внутренней поверхности трубопроводов из полимерных трубопроводов для воды;Один;"не менее 0,01 мм; не менее 0,02 мм; не менее 0,03 мм; не менее 0,025 мм";не менее 0,01 мм;"СП 60.13330.2020, п.6.3.2 При гидравлическом расчете эквивалентную шероховатость внутренней поверхности трубопроводов из новых стальных труб систем внутреннего теплоснабжения рекомендуется принимать не менее 0,2 мм для воды, пара и других теплоносителей и 0,5 мм для конденсата.
При зависимом присоединении систем внутреннего теплоснабжения к тепловой сети, а также при использовании существующих трубопроводов из стальных труб (согласно 4.4), эквивалентную шероховатость, следует принимать не менее 0,5 мм для воды, пара и других теплоносителей и 1,0 мм для конденсата.
Эквивалентную шероховатость внутренней поверхности труб из полимерных материалов, а также медных и латунных труб следует принимать не менее 0,01 и 0,11 мм соответственно.";;;;;;;;;;;;;;;;;;;;
"Выберите верные утверждения:
";Несколько;"Трубопроводы систем внутреннего теплоснабжения допускается прокладывать на чердаках зданий (кроме теплых чердаков) и в проветриваемых подпольях в районах с расчетной температурой минус 40°C и ниже (параметры Б); Трубопроводы систем внутреннего теплоснабжения не допускается прокладывать транзитные - через помещения защитных сооружений гражданской обороны и шахт с электрокабелями; Трубопроводы систем внутреннего теплоснабжения не допускается прокладывать в одной шахте (канале) - с трубопроводами горючих, коррозионно-активных жидкостей, паров и газов; Трубопроводы систем внутреннего теплоснабжения допускается прокладывать в одной шахте - с воздуховодами, по которым перемещаются взрывоопасные смеси";"Трубопроводы систем внутреннего теплоснабжения не допускается прокладывать транзитные - через помещения защитных сооружений гражданской обороны и шахт с электрокабелями; Трубопроводы систем внутреннего теплоснабжения не допускается прокладывать в одной шахте (канале) - с трубопроводами горючих, коррозионно-активных жидкостей, паров и газов";"СП 60.13330.2020, п.6.3.5 Трубопроводы систем внутреннего теплоснабжения не допускается прокладывать:
а) на чердаках зданий (кроме теплых чердаков) и в проветриваемых подпольях в районах с расчетной температурой минус 40°C и ниже (параметры Б);
б) транзитные - через помещения защитных сооружений гражданской обороны и шахт с электрокабелями;
в) в одной шахте (канале) - с трубопроводами горючих, коррозионно-активных жидкостей, паров и газов;
г) в одной шахте - с воздуховодами, по которым перемещаются взрывоопасные смеси. 
Допускается прокладка транзитных трубопроводов без разъемных соединений в защитном кожухе через электротехнические помещения, пешеходные галереи и тоннели.";;;;;;;;;;;;;;;;;;;;
В каких случаях допускается прокладка транзитных трубопроводов через пешеходные галареи, тоннели и электропомещения?;Один;"транзитная прокладка трубопроводов через указанные помещения не допустима; в случае применения транзитных трубопроводов без разъемных соединений в защитном кожухе; в случае применения транзитных трубопроводов в защитном гидроизолированном кожухе";в случае применения транзитных трубопроводов без разъемных соединений в защитном кожухе;"СП 60.13330.2020, п.6.3.5 Трубопроводы систем внутреннего теплоснабжения не допускается прокладывать:
а) на чердаках зданий (кроме теплых чердаков) и в проветриваемых подпольях в районах с расчетной температурой минус 40°C и ниже (параметры Б);
б) транзитные - через помещения защитных сооружений гражданской обороны и шахт с электрокабелями;
в) в одной шахте (канале) - с трубопроводами горючих, коррозионно-активных жидкостей, паров и газов;
г) в одной шахте - с воздуховодами, по которым перемещаются взрывоопасные смеси. 
Допускается прокладка транзитных трубопроводов без разъемных соединений в защитном кожухе через электротехнические помещения, пешеходные галереи и тоннели.";;;;;;;;;;;;;;;;;;;;
Допускается ли в помещениях категории В применение конвекторов в качестве отопительного обоорудования?;Один;"да, в любом случае; нет; да, в случае отсутствия в указанном помещении выделения горючей пыли ";да, в случае отсутствия в указанном помещении выделения горючей пыли ;"СП 60.13330.2020, п.6.4.1 В помещениях категорий А, Б, В1-В3 отопительные приборы систем водяного и парового отопления следует предусматривать с гладкой поверхностью, допускающей легкую очистку, в том числе:
- радиаторы секционные или панельные одинарные;
- радиаторы секционные без оребрения или панельные спаренные или одинарные для помещений, в которых отсутствует выделение пыли горючих материалов (далее - горючая пыль). Для помещений категории В, в которых отсутствует выделение горючей пыли, допускается применение конвекторов;
- отопительные приборы из гладких стальных труб.";;;;;;;;;;;;;;;;;;;;
В каких помещениях отопительные приборы следует размещать на расстоянии более 100 мм от поверхности стен?;Несколько;"в помещениях категорий А и Б. ; в помещениях категорий В1-В4 ; в помещениях категорий В1, В2 с выделением горючей пыли ; нет требований к расположению отопительных приборов ";"в помещениях категорий А и Б.; в помещениях категорий В1, В2 с выделением горючей пыли ";СП 60.13330.2020, п.6.4.2 Отопительные приборы в помещениях категорий А, Б, а также В1, В2 с выделением горючей пыли следует размещать на расстоянии (в свету) более 100 мм от поверхности стен, размещать отопительные приборы в нишах не допускается.;;;;;;;;;;;;;;;;;;;;
Укажите верное утверждение:;Один;"В помещениях для наполнения и хранения баллонов со сжатым или сжиженным газом, а также во всех помещениях категорий А, Б, В1 отопительные приборы следует ограждать экранами из негорючих материалов на расстоянии не менее 100 мм (в свету) от приборов отопления, предусматривая доступ к ним для очистки.; В помещениях для наполнения и хранения баллонов со сжатым или сжиженным газом, а также в помещениях складов категорий А, Б, В1 отопительные приборы следует ограждать экранами из негорючих материалов на расстоянии не менее 150 мм (в свету) от приборов отопления, предусматривая доступ к ним для очистки ; В помещениях для наполнения и хранения баллонов со сжатым или сжиженным газом, а также в помещениях складов категорий А, Б, В1 отопительные приборы следует ограждать экранами из негорючих материалов на расстоянии не менее 100 мм (в свету) от приборов отопления, предусматривая доступ к ним для очистки ";В помещениях для наполнения и хранения баллонов со сжатым или сжиженным газом, а также в помещениях складов категорий А, Б, В1 отопительные приборы следует ограждать экранами из негорючих материалов на расстоянии не менее 100 мм (в свету) от приборов отопления, предусматривая доступ к ним для очистки ;СП 60.13330.2020, п.6.4.3 В помещениях для наполнения и хранения баллонов со сжатым или сжиженным газом, а также в помещениях складов категорий А, Б, В1 отопительные приборы следует ограждать экранами из негорючих материалов на расстоянии не менее 100 мм (в свету) от приборов отопления, предусматривая доступ к ним для очистки.;;;;;;;;;;;;;;;;;;;;
Допускается ли размещать оборудование, выступающее из плоскости стен, в эвакуационных коридорах:;Один;"да, без ограничений. ; да, при расположении оборудования на высоте не менее 2 м.; да, при расположении оборудования на высоте не менее 2,2 м.; располагать оборудование в эвакуационных коридорах не допускается";да, при расположении оборудования на высоте не менее 2 м.;СП 60.13330.2020, п.6.4.4 В эвакуационных коридорах не допускается размещать оборудование, выступающее из плоскости стен на высоте менее 2 м, трубопроводы с горючими газами и жидкостями, а также встроенные шкафы, кроме встроенных шкафов для коммуникаций.;;;;;;;;;;;;;;;;;;;;
Укажите верное утверждение:;Один;"Отопительные приборы в производственных помещениях, расположенными на расстоянии 2 м или более от окон, в районах с расчетной температурой наружного воздуха в холодный период года минус 15°C и ниже (параметры Б) следует размещать под окнами; Отопительные приборы в производственных помещениях с постоянными рабочими местами в районах с расчетной температурой наружного воздуха в холодный период года минус 10°C и ниже (параметры Б) следует размещать под окнами; Отопительные приборы в производственных помещениях с постоянными рабочими местами, расположенными на расстоянии 2 м или менее от окон, в районах с расчетной температурой наружного воздуха в холодный период года минус 15°C и ниже (параметры Б) следует размещать под окнами; Отопительные приборы в производственных помещениях, расположенными на расстоянии 1,5 м или менее от окон, в районах с расчетной температурой наружного воздуха в холодный период года минус 10°C и ниже (параметры Б) следует размещать под окнами";Отопительные приборы в производственных помещениях с постоянными рабочими местами, расположенными на расстоянии 2 м или менее от окон, в районах с расчетной температурой наружного воздуха в холодный период года минус 15°C и ниже (параметры Б) следует размещать под окнами;СП 60.13330.2020, п.6.4.7 Отопительные приборы в производственных помещениях с постоянными рабочими местами, расположенными на расстоянии 2 м или менее от окон, в районах с расчетной температурой наружного воздуха в холодный период года минус 15°C и ниже (параметры Б) следует размещать под окнами.;;;;;;;;;;;;;;;;;;;;
Укажите неверное утверждение:;Один;"Отопительные приборы не следует размещать в отсеках тамбуров, имеющих наружные двери;Отопительные приборы не следует размещать на лестничных клетках, в том числе незадымляемых, если отопительные приборы выступают от плоскости стен на высоте менее 2,2 м от поверхности проступей и площадок лестницы; Отопительные приборы на лестничной клетке не допустимо присоединять к отдельным стоякам; Допускается установка отопительных приборов, при их ограждении для предотвращения травмирования людей, на площадках лестничных клеток, в коридорах, лифтовых холлах, в т.ч. функционально совмещенных с пожаробезопасными зонами, и при выходе из здания при сохранении нормативной ширины пути эвакуации";Отопительные приборы на лестничной клетке не допустимо присоединять только к отдельным стоякам;"СП 60.13330.2020, п.6.4.9 Отопительные приборы на лестничных клетках следует размещать в нижней части, при разделении лестничной клетки на пожарные отсеки - в нижней части каждого отсека.
Отопительные приборы не следует размещать:
- в отсеках тамбуров, имеющих наружные двери;
- на лестничных клетках, в том числе незадымляемых, если отопительные приборы выступают от плоскости стен на высоте менее 2,2 м от поверхности проступей и площадок лестницы.
Отопительные приборы на лестничной клетке следует присоединять к отдельным ветвям или стоякам систем отопления.";;;;;;;;;;;;;;;;;;;;
Какую температуру следует принимать на поверхности отопительных приборов на рабочих местах?;Один;"не выше 40 °C; не выше 50 °C; не выше 60 °C; не выше 70 °C";не выше 60 °C;СП 60.13330.2020, п.6.4.14 Температуру поверхности панелей радиационного обогрева рабочих мест не следует принимать выше 60°C, а панелей радиационного охлаждения - ниже 2°C. Температуру поверхности высокотемпературных приборов лучистого отопления (кроме ГИИ светлого типа) не следует принимать выше 250°C.;;;;;;;;;;;;;;;;;;;;
В каких случаях следует применять системы кондиционирования? ;Несколько;"для обеспечения параметров микроклимата и качества воздуха в пределах оптимальных значений; для обеспечения параметров микроклимата и качества воздуха в пределах допустимых значений, если они не могут быть обеспечены вентиляцией в холодный период года без применения искусственного охлаждения воздуха; для обеспечения параметров микроклимата и качества воздуха, требуемых для технологического процесса, по заданию на проектирование; для обеспечения параметров микроклимата и качества воздуха в пределах допустимых значений, если они не могут быть обеспечены вентиляцией в теплый период года без применения искусственного охлаждения воздуха.";"для обеспечения параметров микроклимата и качества воздуха в пределах оптимальных значений; для обеспечения параметров микроклимата и качества воздуха, требуемых для технологического процесса, по заданию на проектирование; для обеспечения параметров микроклимата и качества воздуха в пределах допустимых значений, если они не могут быть обеспечены вентиляцией в теплый период года без применения искусственного охлаждения воздуха.";"СП 60.13330.2020, п.7.1.2 Кондиционирование воздуха следует принимать:
- для обеспечения параметров микроклимата и качества воздуха в пределах оптимальных значений;
- для обеспечения параметров микроклимата и качества воздуха в пределах допустимых значений, если они не могут быть обеспечены вентиляцией в теплый период года без применения искусственного охлаждения воздуха;
- для обеспечения параметров микроклимата и качества воздуха, требуемых для технологического процесса, по заданию на проектирование.
Для жилых и общественных зданий, при наличии технической возможности, следует выполнять центральные системы кондиционирования. По заданию на проектирование допускается применение децентрализованных и индивидуальных систем кондиционирования с расположением их элементов на фасадах зданий.";;;;;;;;;;;;;;;;;;;;
В каком случае допускается использовать периодическое проветривание через фрамуги и форточки?;Несколько;"в помещениях объемом на каждого работающего не менее 40 м для производственных помещений с искусственным освещением; в помещениях объемом на каждого работающего не менее 30 м для общественных помещений с естественным освещением их световыми проемами в наружных ограждениях; в помещениях объемом на каждого работающего не менее 40 м для производственных помещений с естественным освещением их световыми проемами в наружных ограждениях; в помещениях объемом на каждого работающего не менее 30 м для общественных помещений с искусственным освещением";"в помещениях объемом на каждого работающего не менее 30 м для общественных помещений с естественным освещением их световыми проемами в наружных ограждениях; в помещениях объемом на каждого работающего не менее 40 м для производственных помещений с естественным освещением их световыми проемами в наружных ограждениях";СП 60.13330.2020, п.7.1.5 В помещениях объемом на каждого работающего не менее 40 м для производственных помещений и не менее 30 м для общественных помещений с естественным освещением их световыми проемами в наружных ограждениях, допускается использовать периодическое проветривание через фрамуги и форточки.;;;;;;;;;;;;;;;;;;;;
Какую систему вентиляцию необходимо использовать для общественного здания в районе с расчетной температурой наружного воздуха минусс 40 и ниже (по параметрам Б)?;Один;"естесственную; гибридную; механическую";механическую;"СП 60.13330.2020, п.7.1.6 Для общественных и административно-бытовых помещений в районах с расчетной температурой наружного воздуха минус 40°C и ниже (по параметрам Б) следует предусматривать механическую вентиляцию.
Устройство рекуперации теплоты вентиляционных систем следует предусматривать при нецелесообразности достижения требуемых значений удельной характеристики расхода тепловой энергии на отопление и вентиляцию посредством увеличения удельной теплозащитной характеристики здания.
При этом, в случае возможного обмерзания рекуператора, необходимо предусматривать опции для предотвращения его обмерзания.";;;;;;;;;;;;;;;;;;;;
Выберите верное утверждение:;Один;"Установку систем вентиляции следует выполнять, не допуская размещения установок непосредственно над, под и смежно с жилыми помещениями и с обеспечением нормативных уровней шума и вибраций в жилых помещениях.; Установку систем вентиляции следует выполнять, не допуская размещения установок непосредственно над, под и смежно с общественными помещениями; Установку систем вентиляции следует выполнять, не допуская размещения установок непосредственно над, под и смежно с административными помещениями и с обеспечением нормативных уровней шума и вибраций в таких помещениях.";Установку систем вентиляции следует выполнять, не допуская размещения установок непосредственно над, под и смежно с жилыми помещениями и с обеспечением нормативных уровней шума и вибраций в жилых помещениях.;"СП 60.13330.2020, п.7.1.8 Системы вентиляции жилых зданий с механическим побуждением следует резервировать в соответствии с 7.2.9.
При использовании гибридных систем вентиляции вентиляторы таких систем следует принимать с поддержанием расчетного разрежения на всасывающем патрубке за счет применения регулируемого привода для возможности использования естественного побуждения в холодный период года.
Установку систем вентиляции следует выполнять с учетом требований 7.2, 7.10, не допуская размещения установок непосредственно над, под и смежно с жилыми помещениями и с обеспечением нормативных уровней шума и вибраций в жилых помещениях.";;;;;;;;;;;;;;;;;;;;
Необходимо объединить воздуховоды систем вентиляции кухонь и сан.узла. Допустимо ли такое решение?;Один;"нет; да, при применении индивидуальных поквартирных приточно-вытяжных установок с рекуперацией теплоты удаляемого воздуха";да, при применении индивидуальных поквартирных приточно-вытяжных установок с рекуперацией теплоты удаляемого воздуха;СП 60.13330.2020, п.7.1.9 Внутри квартир допускается объединение воздуховодов систем вентиляции кухонь и санитарных узлов, при применении индивидуальных поквартирных приточно-вытяжных установок с рекуперацией теплоты удаляемого воздуха.;;;;;;;;;;;;;;;;;;;;
Необходимо подключить кухонную вытяжку к общедомовой системе вентиляции. Допускается ли такое решение?;Один;"нет; да";нет;СП 60.13330.2020, п.7.1.10 В помещениях жилых зданий подключение к общедомовой системе вентиляции дополнительных устройств (кухонные вытяжки с вентилятором, бытовые вентиляторы и т.п.) не допускается.;;;;;;;;;;;;;;;;;;;;
Какие параметры необходимо брать при определении располагаемого давления и параметров сети естественной вентиляции общественных зданий?;Один;"температуру наружного воздуха 0 оС, температуру внутреннего воздуха для холодного периода года; температуру наружного воздуха 5 оС, температуру внутреннего воздуха для холодного периода года; температуру наружного воздуха 5 оС, температуру внутреннего воздуха для теплого периода года";температуру наружного воздуха 5 оС, температуру внутреннего воздуха для холодного периода года;СП 60.13330.2020 п.7.1.12 При оборудовании жилых, общественных, административных и бытовых помещений естественной вытяжной вентиляцией располагаемое давление и параметры сети следует рассчитывать на разность плотностей наружного воздуха с температурой 5°C и внутреннего воздуха с температурой для холодного периода года.;;;;;;;;;;;;;;;;;;;;
Какие параметры необходимо брать при определении располагаемого давления и давления сети естественной вентиляции общественных зданий?;Несколько;"температуру наружного воздуха 0 оС, температуру внутреннего воздуха для холодного периода года; для холодного периода года - среднюю скорость ветра за период со среднесуточной температурой 8°C (СП 131.13330); температуру наружного воздуха 5 оС, температуру внутреннего воздуха для холодного периода года; температуру наружного воздуха 5 оС, температуру внутреннего воздуха для теплого периода года; для теплого периода года - минимальную из средних скоростей ветра по румбам за июль, но не менее 1 м/с (СП 131.13330).; для теплого периода года - среднюю скорость ветра за период со среднесуточной температурой 15 °C (СП 131.13330);";"для холодного периода года - среднюю скорость ветра за период со среднесуточной температурой 8°C (СП 131.13330); температуру наружного воздуха 5 оС, температуру внутреннего воздуха для холодного периода года; для теплого периода года - минимальную из средних скоростей ветра по румбам за июль, но не менее 1 м/с (СП 131.13330).";"СП 60.13330.2020, п.7.1.12 При оборудовании жилых, общественных, административных и бытовых помещений естественной вытяжной вентиляцией располагаемое давление и параметры сети следует рассчитывать на разность плотностей наружного воздуха с температурой 5°C и внутреннего воздуха с температурой для холодного периода года.
При установке вентиляционных дефлекторов или ротационных вентиляционных турбин системы естественной вытяжной вентиляции следует рассчитывать на те же температурные параметры с учетом ветрового давления, при расчетной скорости ветра. В качестве расчетной скорости ветра следует принимать:
- для холодного периода года - среднюю скорость ветра за период со среднесуточной температурой 8°C
- для теплого периода года - минимальную из средних скоростей ветра по румбам за июль, но не менее 1 м/с ";;;;;;;;;;;;;;;;;;;;
Укажите верное утверждение:;Один;"Естественную вентиляцию для производственных помещений с избытками теплоты следует рассчитывать при расчетных параметрах теплого периода года (параметры А) без учета влияния ветра; Естественную вентиляцию для производственных помещений с избытками теплоты следует рассчитывать по формуле: Рв=0,5*К*рн*W^2; Естественную вентиляцию для производственных помещений без избытков теплоты следует рассчитывать при расчетных параметрах теплого периода года (параметры А) без учета влияния ветра";Естественную вентиляцию для производственных помещений с избытками теплоты следует рассчитывать при расчетных параметрах теплого периода года (параметры А) без учета влияния ветра;"СП 60.13330.2020, п.7.1.13 Естественную вентиляцию для производственных помещений следует рассчитывать:
а) для помещений с избытками теплоты - при расчетных параметрах теплого периода года (параметры А) без учета влияния ветра;
б) для помещений без избытков теплоты - при расчетных параметрах, указанных в 7.1.12.";;;;;;;;;;;;;;;;;;;;
В каких помещениях неоьбходимо предусматривать механическую вентиляцию из приямков глубиной 0,5 м и более и из смотровых каналов?;Несколько;"в помещениях категорий А, Б; в помещениях, в которых выделяются вредные газы, пары или аэрозоли плотностью более плотности воздуха; по всех помещениях с приямками 0,5 м и более или смотровыми каналами";"в помещениях категорий А, Б; в помещениях, в которых выделяются вредные газы, пары или аэрозоли плотностью более плотности воздуха";СП 60.13330.2020, п.7.1.15 Приточно-вытяжную или вытяжную механическую вентиляцию следует предусматривать для приямков глубиной 0,5 м и более и смотровых каналов с ежедневным обслуживанием и расположенных в помещениях категорий А и Б или в помещениях, в которых выделяются вредные газы, пары или аэрозоли плотностью более плотности воздуха.;;;;;;;;;;;;;;;;;;;;
Какую температуру приточного воздуха следует принимать при выходе из воздухораспределителей при воздушном душировании? ;Один;"не выше 70°C и не менее чем на 15°C ниже температуры самовоспламенения газов, паров, аэрозолей и пыли, выделяющихся в помещении.; не выше 80°C и не менее чем на 20°C ниже температуры самовоспламенения газов, паров, аэрозолей и пыли, выделяющихся в помещении.; не выше 70°C и не менее чем на 20°C ниже температуры самовоспламенения газов, паров, аэрозолей и пыли, выделяющихся в помещении; достаточно принимать температуру не выше 70°C.";не выше 70°C и не менее чем на 20°C ниже температуры самовоспламенения газов, паров, аэрозолей и пыли, выделяющихся в помещении;СП 60.13330.2020, п.7.1.20 В системах воздушного отопления температуру воздуха при выходе из воздухораспределителей следует рассчитывать с учетом допустимой температуры и скорости в струе приточного воздуха при входе в обслуживаемую или рабочую зону по 5.7, но принимать не выше 70°C и не менее чем на 20°C ниже температуры самовоспламенения газов, паров, аэрозолей и пыли, выделяющихся в помещении.;;;;;;;;;;;;;;;;;;;;
При какой величине открытого проема помещения одной категории по взрывопожарной опасности, не разделенные одной противопожарными преградами, допускается рассматривать как одно помещение?;Один;"0,4 м2; 0,5 м2; 0,8 м2; 1 м2";1 м2;"СП 60.13330.2020, п.7.2.2 Системы вентиляции следует предусматривать отдельными для групп помещений, размещенных в разных пожарных отсеках.
Помещения одной категории по взрывопожарной опасности, не разделенные противопожарными преградами, а также имеющие открытые проемы общей площадью более 1 м в другие помещения, допускается рассматривать как одно помещение.";;;;;;;;;;;;;;;;;;;;
"Выберите верные утверждения:
""Общие системы вентиляции для групп помещений, размещенных в пределах одного пожарного отсека, следует предусматривать для следующих групп помещений:""";Несколько;"жилых; общественных (кроме помещений с массовым пребыванием людей) и административно-бытовых или производственных категорий В4, Г и Д (в любых сочетаниях); производственных одной из категорий В1-В4, размещенных не более чем на трех (раздельно или последовательно расположенных) этажах; производственных одной из категорий В4 и Д или складских категорий В1, В2, В3, В4, Г, Д; производственных категорий В1, В2 и В3 и В4 в любых сочетаниях при условии установки противопожарных нормально открытых клапанов на сборном воздуховоде каждого объединяемого общей системой вентиляции помещения; складских, размещенных не более чем на трех (раздельно или последовательно расположенных) этажах;помещения и склады категории В4.; производственных категорий А, Б, В1, В2, В3 и В4 в любых сочетаниях или складских категорий А, Б, В1, В2, В3 и В4 в любых сочетаниях общей площадью не более 1100 м, размещенных в отдельном одноэтажном здании с дверями из каждого помещения только наружу; одной категории пожарной опасности в подземных (до пяти подземных этажей) или надземных (до девяти надземных этажей) закрытых стоянках автомобилей при условии установки противопожарных нормально открытых клапанов на воздуховодах; производственных категорий В1-В4, Г и Д и складских категорий В4 и Д (в любых сочетаниях) при условии установки противопожарных нормально открытых клапанов на воздуховодах, обслуживающих";"жилых; производственных категорий В1, В2 и В3 и В4 в любых сочетаниях при условии установки противопожарных нормально открытых клапанов на сборном воздуховоде каждого объединяемого общей системой вентиляции помещения; производственных категорий А, Б, В1, В2, В3 и В4 в любых сочетаниях или складских категорий А, Б, В1, В2, В3 и В4 в любых сочетаниях общей площадью не более 1100 м, размещенных в отдельном одноэтажном здании с дверями из каждого помещения только наружу; одной категории пожарной опасности в подземных (до пяти подземных этажей) или надземных (до девяти надземных этажей) закрытых стоянках автомобилей при условии установки противопожарных нормально открытых клапанов на воздуховодах;";"СП 60.13330.2020, п.7.2.3 Общие системы вентиляции для групп помещений, размещенных в пределах одного пожарного отсека, следует предусматривать с учетом класса функциональной пожарной опасности помещений жилых, общественных и административно-бытовых зданий, а также категорий по взрывопожарной и пожарной опасности производственных и складских помещений для следующих групп помещений:
а) жилых;
б) общественных (кроме помещений с массовым пребыванием людей) и административно-бытовых или производственных категорий В4 и Д (в любых сочетаниях);
в) производственных одной из категорий А или Б, размещенных не более чем на трех (раздельно или последовательно расположенных) этажах;
г) производственных одной из категорий В1, В2, В3, В4, Г, Д или складских категорий В4 и Д;
д) производственных категорий В1, В2 и В3 и В4 в любых сочетаниях при условии установки противопожарных нормально открытых клапанов на сборном воздуховоде каждого объединяемого общей системой вентиляции помещения;
е) складских одной из категорий А, Б, В1, В2 или В3, размещенных не более чем на трех (раздельно или последовательно расположенных) этажах;
ж) производственных категорий А, Б, В1, В2, В3 и В4 в любых сочетаниях или складских категорий А, Б, В1, В2, В3 и В4 в любых сочетаниях общей площадью не более 1100 м, размещенных в отдельном одноэтажном здании с дверями из каждого помещения только наружу;
и) одной категории пожарной опасности в подземных (до пяти подземных этажей) или надземных (до девяти надземных этажей) закрытых стоянках автомобилей при условии установки противопожарных нормально открытых клапанов на воздуховодах;
к) производственных категорий В4, Г и Д и складских категорий В4 и Д (в любых сочетаниях) при условии установки противопожарных нормально открытых клапанов на воздуховодах, обслуживающих помещения и склады категории В4";;;;;;;;;;;;;;;;;;;;
"Выберите верное утверждение:
""В одну систему вентиляции допускается объединять следующие группы помещений, присоединяя к основной группе другие помещения:""";Один;"к производственным категорий В1-В4 - административно-бытовые, технические и общественные (кроме помещений с массовым пребыванием людей - более 1 чел. на 1 м помещения площадью 50 м и более); к производственным категорий А, Б (кроме систем, указанных в 7.2.13), а также категорий В1, В2 или В3 - производственные (в том числе складские) любых категорий. ; санузлы, душевые, помещения и комнаты уборочного инвентаря.; среди перечисленных нет верных утверждений";санузлы, душевые, помещения и комнаты уборочного инвентаря.;"СП 60.13330.2020, п.7.2.4 В одну систему вентиляции допускается объединять следующие группы помещений, присоединяя к основной группе другие помещения:
а) к производственным категорий В1, В2, В3 - административно-бытовые, технические и общественные (кроме помещений с массовым пребыванием людей - более 1 чел. на 1 м помещения площадью 50 м и более);
б) к производственным категорий А, Б (кроме систем, указанных в 7.2.13), а также категорий В1, В2 или В3 - производственные (в том числе складские) любых категорий, кроме Г. Производственные помещения категорий А и Б следует относить к основным помещениям;
в) санузлы, душевые, помещения и комнаты уборочного инвентаря. 
Группы помещений по перечислениям а) и б) настоящего пункта допускается объединять в одну систему при условии установки противопожарного нормально открытого клапана на сборном воздуховоде присоединяемой группы помещений.
К основной группе помещений следует относить группы помещений, общая площадь которых больше общей площади присоединяемых помещений. Общая площадь присоединяемых помещений должна быть не более 300 м.";;;;;;;;;;;;;;;;;;;;
"Вставьте пропущенный фрагмент:
К ____ следует относить группы помещений, общая площадь которых больше общей площади присоединяемых помещений. Общая площадь присоединяемых помещений должна быть не более 300 м2.";текстовый;;"Основной группе помещений; основной группе помещений";СП 60.13330.2020, п.7.2.4 К основной группе помещений следует относить группы помещений, общая площадь которых больше общей площади присоединяемых помещений. Общая площадь присоединяемых помещений должна быть не более 300 м.;;;;;;;;;;;;;;;;;;;;
Какие мероприятия необходимо предусматривать для систем воздушного отопления и систем приточной вентиляции, совмещенных с воздушным отоплением:;Несколько;"резервирование вентилятора или электродвигателя; резервирование цирк.насоса для воздухонагревателя; не менее двух отопительных аргегатов (или систем)";"резервирование вентилятора или электродвигателя; резервирование цирк.насоса для воздухонагревателя; не менее двух отопительных аргегатов";"СП 60.13330.2020, п.7.2.7 Для систем воздушного отопления и систем приточной вентиляции, совмещенных с воздушным отоплением, следует предусматривать:
- резервные циркуляционные насосы для воздухонагревателей и резервные вентиляторы (или электродвигатели для вентиляторов);
- не менее двух отопительных агрегатов (или двух систем). При выходе из строя вентилятора одного из двух агрегатов (систем) допускается снижение температуры воздуха в помещении на период проведения ремонтных работ ниже нормируемой, но не ниже допустимой температуры воздуха согласно 5.2.";;;;;;;;;;;;;;;;;;;;
"На какие помещения распространяется следующее требование:
""Системы кондиционирования и общеобменной вентиляции следует предусматривать:
а) для производственных, административно-бытовых и общественных помещений:
- с резервными вентиляторами (или резервными электродвигателями для вентиляторов) для приточных и вытяжных установок;
- не менее чем с двумя приточными и двумя вытяжными установками с расходом воздуха каждой не менее 50% требуемого воздухообмена;
- одну приточную и одну вытяжную установку с резервными вентиляторами (или с резервными электродвигателями для вентиляторов);
б) для производственных помещений, соединенных открывающимися проемами со смежными помещениями одинаковой категории взрывопожарной и пожарной опасности и с выделением аналогичных вредностей - одну приточную систему без резервного вентилятора и одну вытяжную - с резервным вентилятором или электродвигателем""";Один;"для помещений с естесственнмы првоетриванием и постоянным пребыванием людей; для помещений только с естесственным проветривание; для помещений без постоянного пребывания людей; для помещений без естесственного проветривания и с постоянным пребыванием людей";для помещений без естесственного проветривания и с постоянным пребыванием людей;"СП 60.13330.2020, п.7.2.8 Системы кондиционирования и общеобменной вентиляции для помещений без естественного проветривания и с постоянным пребыванием людей следует предусматривать:
а) для производственных, административно-бытовых и общественных помещений:
- с резервными вентиляторами (или резервными электродвигателями для вентиляторов) для приточных и вытяжных установок;
- не менее чем с двумя приточными и двумя вытяжными установками с расходом воздуха каждой не менее 50% требуемого воздухообмена;
- одну приточную и одну вытяжную установку с резервными вентиляторами (или с резервными электродвигателями для вентиляторов);
б) для производственных помещений, соединенных открывающимися проемами со смежными помещениями одинаковой категории взрывопожарной и пожарной опасности и с выделением аналогичных вредностей - одну приточную систему без резервного вентилятора и одну вытяжную - с резервным вентилятором или электродвигателем.";;;;;;;;;;;;;;;;;;;;
Для каких помещений при круглосуточном и круглогодичном поддержании парметров системы вентиляции необходимо предусматривать не менее чем с двумя вент.установками: ;Несколько;"для административных; для производственных; для общественных; для складов";"для производственных; для общественных";СП 60.13330.2020, п.7.2.9 Системы вентиляции в общественных и производственных помещениях, предназначенные для круглосуточного и круглогодичного поддержания требуемых параметров воздуха следует предусматривать не менее, чем с двумя вентиляционными установками.;;;;;;;;;;;;;;;;;;;;
Имеется помещение одной из категорий В1-В4, Г с технологическим оборудованием, в пятиметровой зоне вокруг которого образуются горючие вещества, которые в этой зоне образуют взрывопожароопасные смеси. Допускается ли вентиляцию указанной зоны объединять с системами другого назначения?;Один;"да; нет";нет;СП 60.13330.2020, п.7.2.13 Системы общеобменной вытяжной вентиляции для помещений категорий В1-В4, Г, удаляющие воздух из пятиметровой зоны вокруг оборудования, содержащего горючие вещества, которые образуют в этой зоне взрывопожароопасные смеси, следует предусматривать отдельными от других систем вытяжной вентиляции этих помещений.;;;;;;;;;;;;;;;;;;;;
Какую систему вентиляции следует применить для помещений склада категории В1-В4 с выделением горючих газов и паров?;Один;"естественную; гибридную; механическую";механическую;"СП 60.13330.2020, п.7.2.17 Системы механической общеобменной вентиляции следует предусматривать для помещений складов категорий А, Б и В1-В4 с выделениями горючих газов и паров. Для помещений складов категорий А и Б вместимостью более 10 т необходимо предусматривать резервную систему механической вытяжной вентиляции на требуемый воздухообмен, размещая местное управление системами при входе.
Допускается предусматривать удаление воздуха только из верхней зоны системами с естественным побуждением, если в указанных помещениях выделяемые газы и пары легче воздуха и требуемый воздухообмен не превышает двукратного в 1 ч.";;;;;;;;;;;;;;;;;;;;
Какую систему вентиляции необходимо применить для помещений склада категории Б вместимостью более 10 тонн с выделением газов и паров тяжелее воздуха?;Один;"механические вытяжные системы вентиляции без резервирования на требуемый воздухообмен, размещая местое управления системой при входе; естественные вытяжные системы вентиляции с воздухообменом не менее 2 крат; гибридные системы вентиляции с резервированием на требуемый воздухообмен; механические вытяжные системы вентиляции с резервированем на требуемый воздухообмен, размещая местое управления системой при входе.";механические вытяжные системы вентиляции с резервированем на требуемый воздухообмен, размещая местое управления системой при входе.;"СП 60.13330.2020, п.7.2.17 Системы механической общеобменной вентиляции следует предусматривать для помещений складов категорий А, Б и В1-В4 с выделениями горючих газов и паров. Для помещений складов категорий А и Б вместимостью более 10 т необходимо предусматривать резервную систему механической вытяжной вентиляции на требуемый воздухообмен, размещая местное управление системами при входе.
Допускается предусматривать удаление воздуха только из верхней зоны системами с естественным побуждением, если в указанных помещениях выделяемые газы и пары легче воздуха и требуемый воздухообмен не превышает двукратного в 1 ч.";;;;;;;;;;;;;;;;;;;;
В каких случаях для помещений категорий А,Б допускается предусматривать естественную вентиляцию?;Один;"взрывоопасные вещества легче воздуха ; работоспособность систем обеспечивается при безветрии в теплый период года; при одновременном выполнении обоих пунктов";при одновременном выполнении обоих пунктов;СП 60.13330.2020, п.7.2.19 Системы механической общеобменной вытяжной вентиляции следует предусматривать для помещений категорий А и Б. Системы с естественным побуждением для этих помещений следует предусматривать, если взрывопожароопасные вещества легче воздуха и работоспособность систем обеспечивается при безветрии в теплый период года.;;;;;;;;;;;;;;;;;;;;
"Вставьте пропущенный фрагмент:
Для вентиляции приямков глубиной 0,5 м и более и смотровых каналов, с ежедневным обслуживанием и расположенных в помещениях категорий _____ или в помещениях, в которых выделяются вредные газы, пары или аэрозоли с плотностью более плотности воздуха, допускается использовать системы общеобменной механической вентиляции. (в формате В1, В2)";текстовый;;"А и Б; А, Б";СП 60.13330.2020, п.7.2.20 Для вентиляции приямков глубиной 0,5 м и более и смотровых каналов, с ежедневным обслуживанием и расположенных в помещениях категорий А и Б или в помещениях, в которых выделяются вредные газы, пары или аэрозоли с плотностью более плотности воздуха, допускается использовать системы общеобменной механической вентиляции.;;;;;;;;;;;;;;;;;;;;
"Вставьте пропущенный фрагмент: 
В _______ зданиях часть приточного воздуха (в объеме не более 50% требуемого воздуха для обслуживаемых помещений) допускается подавать в коридоры или смежные помещения, при условии соблюдения допустимого перепада давлений на двери между помещением и коридором в пределах 20-50 Па";текстовый;;"Общественных и административно-бытовых; общественных и административно-бытовых; административно-бытовых и общественных; Административно-бытовых и общественных";СП 60.13330.2020, п.7.3.1 В общественных и административно-бытовых зданиях часть приточного воздуха (в объеме не более 50% требуемого воздуха для обслуживаемых помещений) допускается подавать в коридоры или смежные помещения, при условии соблюдения допустимого перепада давлений на двери между помещением и коридором в пределах 20-50 Па.;;;;;;;;;;;;;;;;;;;;
В каком случае часть вытяжного воздуха в производственных помещениях категорий В4, Г и Д допускается удалять через переточные решетки из коридоров или смежных помещений?;Один;"да, в любом случае; да,при условии установки в них нормально открытых противопожарных клапанов в соответствии с требованиями сводов правил по пожарной безопасности, обеспечивающих выполнение требований; не допускается переток воздуха в указанном случае";да,при условии установки в них нормально открытых противопожарных клапанов в соответствии с требованиями сводов правил по пожарной безопасности, обеспечивающих выполнение требований;СП 60.13330.2020, п.7.3.1 В общественных и административно-бытовых зданиях, а также в производственных помещениях (кроме складов) категорий В4, Г и Д, часть вытяжного воздуха (в объеме не более одного воздухообмена в 1 ч) допускается удалять через переточные решетки из коридоров или смежных помещений при условии установки в них нормально открытых противопожарных клапанов в соответствии с требованиями сводов правил по пожарной безопасности, обеспечивающих выполнение требований;;;;;;;;;;;;;;;;;;;;
"Вставьте пропущенный фрагмент: 
Для помещений категорий А и Б, в которых выделяются вредные вещества или резко выраженные неприятные запахи, следует предусматривать _____ дисбаланс.";текстовый;;"Отрицательный; отрицательный";СП 60.13330.2020, п.7.3.2 Для помещений категорий А и Б, а также для производственных помещений, в которых выделяются вредные вещества или резко выраженные неприятные запахи, следует предусматривать отрицательный дисбаланс.;;;;;;;;;;;;;;;;;;;;
"Вставьте пропущенный фрагмент: 
Для чистых помещений и помещений с кондиционированием следует предусматривать____ дисбаланс, если в них отсутствуют выделения вредных и взрывоопасных газов, паров и аэрозолей или резко выраженные неприятные запахи.";текстовый;;"Положительный; положительный";СП 60.13330.2020, п.7.3.3 Для чистых помещений и помещений с кондиционированием следует предусматривать положительный дисбаланс, если в них отсутствуют выделения вредных и взрывоопасных газов, паров и аэрозолей или резко выраженные неприятные запахи.;;;;;;;;;;;;;;;;;;;;
Расход воздуха для обеспечения дисбаланса в помещениях следует принимать:;Несколько;"при отсутствии тамбур-шлюза - из расчета создания разности давления не менее 50 Па по отношению к давлению в защищаемом помещении (при закрытых дверях), но не менее 130 м/ч на каждую дверь защищаемого помещения; при наличии тамбур-шлюза - равным расходу, подаваемому в тамбур-шлюз; при отсутствии тамбур-шлюза - равным расходу, подаваемому в тамбур-шлюз; при отсутствии тамбур-шлюза - из расчета создания разности давления не менее 10 Па по отношению к давлению в защищаемом помещении (при закрытых дверях), но не менее 100 м/ч на каждую дверь защищаемого помещения;";"при наличии тамбур-шлюза - равным расходу, подаваемому в тамбур-шлюз; при отсутствии тамбур-шлюза - из расчета создания разности давления не менее 10 Па по отношению к давлению в защищаемом помещении (при закрытых дверях), но не менее 100 м/ч на каждую дверь защищаемого помещения;";"СП 60.13330.2020, п.7.3.4 Расход воздуха для обеспечения дисбаланса в помещениях следует принимать:
а) при отсутствии тамбур-шлюза - из расчета создания разности давления не менее 10 Па по отношению к давлению в защищаемом помещении (при закрытых дверях), но не менее 100 м/ч на каждую дверь защищаемого помещения;
б) при наличии тамбур-шлюза - равным расходу, подаваемому в тамбур-шлюз.";;;;;;;;;;;;;;;;;;;;
Как следует подавать приточный воздух в помещениях с выделениями пыли:;Один;"струями, направленными сверху вниз из воздухораспределителей, расположенных в верхней зоне; сверху вниз наклонными струями ; сверху вниз коническими компактными веерными струями ; сверху настилающимися веерными струями ";струями, направленными сверху вниз из воздухораспределителей, расположенных в верхней зоне;СП 60.13330.2020, п.7.3.10 В помещениях с выделениями пыли приточный воздух следует подавать струями, направленными сверху вниз из воздухораспределителей, расположенных в верхней зоне;;;;;;;;;;;;;;;;;;;;
Рециркуляция воздуха допускается из:;Несколько;"помещений категорий А и Б; в производственных зданиях - из систем местных отсосов пылевоздушных смесей (кроме взрывоопасных пылевоздушных смесей) после их очистки от пыли; пятиметровых зон вокруг оборудования, расположенного в помещениях категорий В1-В4, Г, если в этих зонах образуются взрывоопасные смеси из горючих газов, паров, аэрозолей с воздухом; пределами одной квартиры в многоквартирном доме или одноквартирного дома, номера в гостинице; тамбур-шлюзов; помещений, в которых расход наружного воздуха определяется массой выделяемых вредных веществ 1-го и 2-го классов опасности; в общественных зданиях - для группы помещений одного класса функциональной пожарной опасности, а также одного функционального назначения (административные или офисные, или номера гостиниц и др.) при условии установки в системе вентиляции устройства обеззараживания воздуха, обеспечивающего постоянное обеззараживание приточного или рециркуляционного воздуха, поступающего в помещения.";"в производственных зданиях - из систем местных отсосов пылевоздушных смесей (кроме взрывоопасных пылевоздушных смесей) после их очистки от пыли; пределами одной квартиры в многоквартирном доме или одноквартирного дома, номера в гостинице; в общественных зданиях - для группы помещений одного класса функциональной пожарной опасности, а также одного функционального назначения (административные или офисные, или номера гостиниц и др.) при условии установки в системе вентиляции устройства обеззараживания воздуха, обеспечивающего постоянное обеззараживание приточного или рециркуляционного воздуха, поступающего в помещения.";"СП 60.13330.2020, п.7.3.13 Рециркуляция воздуха не допускается из:
а) помещений, в которых расход наружного воздуха определяется массой выделяемых вредных веществ 1-го и 2-го классов опасности;
б) помещений, в воздухе которых имеются болезнетворные бактерии и грибки в концентрациях, превышающих установленные органом санитарно-эпидемиологического надзора, или резко выраженные неприятные запахи;
в) помещений, в которых имеются вредные вещества, возгоняемые при соприкосновении с нагретыми поверхностями воздухонагревателя, перед которым не предусмотрена очистка воздуха;
г) помещений категорий А и Б (кроме воздушных и воздушно-тепловых завес у наружных ворот и дверей);
д) лабораторных помещений научно-исследовательского и производственного назначения, в которых производятся работы с вредными или горючими газами, парами и аэрозолями;
е) помещений категорий В1-В4, в которых выделяются горючие пыли и аэрозоли;
ж) пятиметровых зон вокруг оборудования, расположенного в помещениях категорий В1-В4, Г, если в этих зонах образуются взрывоопасные смеси из горючих газов, паров, аэрозолей с воздухом;
и) систем местных отсосов вредных веществ и взрывоопасных смесей с воздухом; 
к) тамбур-шлюзов.";;;;;;;;;;;;;;;;;;;;
"Вставьте пропущенный фразц: 
При выделении пыли и аэрозолей в помещениях без тепловыделений удаление воздуха системами общеобменной вентиляции следует предусматривать из ____ зоны";текстовый;;"Нижней; нижней; нижняя";СП 60.13330.2020, п.7.3.16 Удаление воздуха из помещений системами вентиляции следует предусматривать из зон, в которых воздух наиболее загрязнен или имеет наиболее высокую температуру или энтальпию. При выделении пыли и аэрозолей в помещениях без тепловыделений удаление воздуха системами общеобменной вентиляции следует предусматривать из нижней зоны.;;;;;;;;;;;;;;;;;;;;
"Выберите верные утверждения:
""Приемные отверстия для удаления воздуха системами общеобменной вытяжной вентиляции из верхней зоны помещения следует размещать:""";Несколько;"не ниже 0,4 м от плоскости потолка или покрытия до верха отверстий - для удаления взрывоопасных смесей газов, паров и аэрозолей (кроме смеси водорода с воздухом); не ниже 0,4 м от плоскости потолка или покрытия до верха отверстий в помещениях высотой 4 м и менее или не ниже 0,025 высоты помещения (но не более 0,4 м) в помещениях высотой более 4 м - для в) удаления смеси водорода с воздухом.; под потолком или покрытием, но не ниже 3 м от пола до низа отверстий - для удаления избытков теплоты, влаги и вредных газов; не ниже 0,1 м от плоскости потолка или покрытия до верха отверстий в помещениях высотой 4 м и менее или не ниже 0,025 высоты помещения (но не более 0,4 м) в помещениях высотой более 4 м - для удаления смеси водорода с воздухом.";"не ниже 0,4 м от плоскости потолка или покрытия до верха отверстий - для удаления взрывоопасных смесей газов, паров и аэрозолей (кроме смеси водорода с воздухом); не ниже 0,1 м от плоскости потолка или покрытия до верха отверстий в помещениях высотой 4 м и менее или не ниже 0,025 высоты помещения (но не более 0,4 м) в помещениях высотой более 4 м - для удаления смеси водорода с воздухом.";"СП 60.13330.2020, п.7.3.17 Приемные отверстия для удаления воздуха системами общеобменной вытяжной вентиляции из верхней зоны помещения следует размещать:
а) под потолком или покрытием, но не ниже 2 м от пола до низа отверстий - для удаления избытков теплоты, влаги и вредных газов;
б) не ниже 0,4 м от плоскости потолка или покрытия до верха отверстий - для удаления взрывоопасных смесей газов, паров и аэрозолей (кроме смеси водорода с воздухом);
в) не ниже 0,1 м от плоскости потолка или покрытия до верха отверстий в помещениях высотой 4 м и менее или не ниже 0,025 высоты помещения (но не более 0,4 м) в помещениях высотой более 4 м - для удаления смеси водорода с воздухом.";;;;;;;;;;;;;;;;;;;;
"Вставьте пропущенный фрагмент 
Приемные отверстия для удаления воздуха системами общеобменной вентиляции из нижней зоны следует размещать на уровне до ____ м от пола до низа отверстий. (Указать числом)";текстовый;;"0,3; 0.3";СП 60.13330.2020, п.7.3.18 Приемные отверстия для удаления воздуха системами общеобменной вентиляции из нижней зоны следует размещать на уровне до 0,3 м от пола до низа отверстий.;;;;;;;;;;;;;;;;;;;;
Системы подачи наружного воздуха в один тамбур-шлюз или группу тамбур-шлюзов производственных помещений категорий А или Б, или в машинные отделения лифтов зданий категорий А или Б, или в тамбур-шлюзы помещений для вентиляционного оборудования категорий А или Б следует предусматривать:;Один;"отдельными от других систем, с резервным вентилятором для каждой системы; совмещенными с другими системами, с резервным вентилятором для каждой системы; отдельными от других систем, с одним вентилятором; совмещенными с другими системами, с одним вентилятором";отдельными от других систем, с резервным вентилятором для каждой системы;СП 60.13330.2020, п.7.4.7 Системы подачи наружного воздуха в один тамбур-шлюз или группу тамбур-шлюзов производственных помещений категорий А или Б, или в машинные отделения лифтов зданий категорий А или Б, или в тамбур-шлюзы помещений для вентиляционного оборудования категорий А или Б следует предусматривать отдельными от других систем, с резервным вентилятором для каждой системы.;;;;;;;;;;;;;;;;;;;;
Допускается ли системы для подачи воздуха в тамбур-шлюзы помещений других категорий и другого назначения предусматривать общими с системами помещений, защищаемых этими тамбур-шлюзами:;Один;"да; нет";да;СП 60.13330.2020, п.7.4.7 Системы подачи наружного воздуха в один тамбур-шлюз или группу тамбур-шлюзов производственных помещений категорий А или Б, или в машинные отделения лифтов зданий категорий А или Б, или в тамбур-шлюзы помещений для вентиляционного;;;;;;;;;;;;;;;;;;;;
Как не допускается размещать приемные устройства наружного воздуха:;Несколько;"на расстоянии менее 8 м по горизонтали от мест сбора мусора, стоянок автомобилей и их рамп, дорог общего пользования, погрузо-разгрузочных зон, систем испарительного охлаждения, оголовков дымовых труб, источников выделения загрязнений и неприятных запахов, мест выброса вытяжного воздуха с наличием вредных веществ или запахов и мест с расположением тепловыделяющего оборудования; не ниже 2 м от уровня земли или кровли стилобата с обеспечением возможности доступа обслуживающего персонала; со стороны фасада, выходящего на улицу с интенсивным движением; если это условие невыполнимо, то приемные устройства для наружного воздуха следует располагать в верхней части здания; на расстоянии менее 2 м от открытых мест, крыш или стен (приемные устройства наружного воздуха, в этом случае следует устраивать и защищать таким образом, чтобы воздух не перегревался в теплый период).; на расстояниеи по горизонтали или по вертикали между приемными устройствами, расположенными в смежных пожарных отсеках, не менее 3 м.";"на расстоянии менее 8 м по горизонтали от мест сбора мусора, стоянок автомобилей, рамп, дорог общего пользования, погрузо-разгрузочных зон, систем испарительного охлаждения, верхних частей дымовых труб, мест с выделениями других загрязнений или запахов, от мест выброса вытяжного воздуха с наличием вредных веществ или запахов; со стороны фасада, выходящего на улицу с интенсивным движением; если это условие невыполнимо, то приемные устройства для наружного воздуха следует располагать в верхней части здания; на расстоянии менее 2 м от открытых мест, крыш или стен (приемные устройства наружного воздуха, в этом случае следует устраивать и защищать таким образом, чтобы воздух не перегревался в теплый период).";"СП 60.13330.2020, п.7.5.1 Приемные устройства наружного воздуха, в том числе приточные вентиляционные шахты, не допускается размещать:
- на расстоянии менее 8 м по горизонтали от мест сбора мусора, стоянок автомобилей и их рамп, дорог общего пользования, погрузо-разгрузочных зон, систем испарительного охлаждения, оголовков дымовых труб, источников выделения загрязнений и неприятных запахов, мест выброса вытяжного воздуха с наличием вредных веществ или запахов и мест с расположением тепловыделяющего оборудования;
- со стороны фасада, выходящего на улицу с интенсивным движением; если это условие невыполнимо, то приемные устройства для наружного воздуха следует располагать в верхней части здания;
- на расстоянии менее 2 м от открытых мест, крыш или стен. Приемные устройства наружного воздуха, в этом случае, следует устраивать и защищать таким образом, чтобы воздух на приемных устройствах не перегревался в теплый период.";;;;;;;;;;;;;;;;;;;;
Какими могут быть воздухозаборные шахты систем приточной венттляции:;Несколько;"встроенные; пристроенные; отдельностоящие";"встроенные; пристроенные; отдельностоящие";СП 60.13330.2020, п.7.5.2;;;;;;;;;;;;;;;;;;;;
"Какую скорость следует принимать в ""живом"" сечении воздухозаборного устройства:";Один;"не более 1,5 м/с; не более 2 м/с; не более 2,5 м/с; не более 3 м/с";не более 2,5 м/с;"СП 60.13330.2020, п.7.5.2 Места забора воздуха для обеспечения безопасной эксплуатации систем вентиляции следует выполнять на высоте не ниже 2 м от уровня земли с обеспечением возможности доступа обслуживающего персонала. Для защиты от атмосферных осадков и посторонних предметов жалюзийные решетки воздухозаборных устройств следует устанавливать под углом 20° вниз. Скорость воздушного потока в ""живом"" сечении должна быть не более 2,5 м/с. Допускается увеличение скорости до 4,0 м/с при обеспечении допустимого уровня шума акустическим расчетом";;;;;;;;;;;;;;;;;;;;
Допускается ли в пределах одного пожарного отсека предусматривать общие приемные устройства для систем приточной общеобменной вентиляции и для систем приточной противодымной вентиляции:?;Один;"Да; Нет";Да;"СП 60.13330.2020, п.7.5.3 В пределах одного пожарного отсека общие приемные устройства наружного воздуха предусматривать не следует:
а) для приточных систем общеобменной вентиляции, оборудование которых не допускается размещать в одном помещении для вентиляционного оборудования согласно 7.10.11-7.10.14, 7.10.18;
б) для приточных систем общеобменной и противодымной вентиляции. ";;;;;;;;;;;;;;;;;;;;
Допускается ли размещать приемные устройства для забора наружного воздуха и выбросные устройства для удаления вытяжного воздуха на одном фасаде с не открывающимися при эксплуатации окнами в уровне технического или обслуживаемого этажа?;Один;"Да; Нет";Да;СП 60.13330.2020, п.7.5.5 Приемные устройства для забора наружного воздуха и выбросные устройства для удаления вытяжного воздуха общеобменных вентиляционных систем в атмосферу допускается размещать на одном фасаде с не открывающимися при эксплуатации окнами в уровне технического или обслуживаемого этажа;;;;;;;;;;;;;;;;;;;;
В каком случае приемные устройства приточной противодиной вентиляции и выбросные устройства продуктов горения систем вытяжной противодымной вентиляции допускается размещать на общем фасаде?;Один;"выброс продуктов горения в ""живом"" сечении следует предусматривать со скоростью не менее 20 м/с под углом не более 30° вниз и/или вбок (по отношению к линии горизонта); расстояние между такими устройствами должно составлять не менее 5 м (от края до края); при одновременном выполнении обоих условий";при одновременном выполнении обоих условий;"СП 60.13330.2020, п.7.5.6 При размещении приемных устройств наружного воздуха систем приточной противодымной вентиляции и выбросов продуктов горения систем вытяжной противодымной вентиляции, указанные устройства следует предусматривать на противоположных фасадах здания. При невозможности размещения на противоположных (или разных) фасадах, допускается их размещение на общем фасаде (в т.ч. на одном) при одновременном выполнении следующих условий:
- выброс продуктов горения в ""живом"" сечении следует предусматривать со скоростью не менее 20 м/с под углом не более 30° вниз и/или вбок (по отношению к линии горизонта);
- расстояние между такими устройствами должно составлять не менее 5 м (от края до края).";;;;;;;;;;;;;;;;;;;;
"Вставьте пропущенный фрагмент: 
Во всех случаях приемные устройства наружного воздуха систем приточной противодымной вентиляции, расположенные на фасаде, должны быть предусмотрены на расстоянии не менее ____ по вертикали и не менее ____ по горизонтали от оконных проемов с остеклением в не противопожарном исполнении";Один;"10 м, 4 м; 15 м, 5 м; 10 м, 3 м; 20 м, 10 м";15 м, 5 м;СП 60.13330.2020, п.7.5.6 Во всех случаях приемные устройства наружного воздуха систем приточной противодымной вентиляции, расположенные на фасаде, должны быть предусмотрены на расстоянии не менее 15 м по вертикали (от края до края) и не менее 5 м (от края до края) по горизонтали от оконных проемов с остеклением в не противопожарном исполнении, за исключением случаев, когда верх воздухоприемного устройства расположен ниже оконных проемов обслуживаемого пожарного отсека.;;;;;;;;;;;;;;;;;;;;
Расстояние между проемами для выброса воздуха от систем общеобменной вентиляции, расположенными в разных пожарных отсеках, по горизонтали или вертикали должно быть не менее:;Один;"1 м; 3 м; 2 м; 2,5 м";3 м;СП 60.13330.2020, п.7.6.8 Расстояние между проемами для выброса воздуха от систем общеобменной вентиляции, расположенными в разных пожарных отсеках, должно быть не менее 3 м по горизонтали или вертикали, а также соответствовать сводам правил по пожарной безопасности;;;;;;;;;;;;;;;;;;;;
При удалении воздуха из системы вытяжной вентиляции на фасад с окнами скорость в живом сечении должна превышать:;Один;"1 м/с; 1,5 м/с; 2 м/с; 2,5 м/с; ";2,5 м/с;СП 60.13330.2020, п.7.6.14 Скорость удаляемого воздуха в выбросном устройстве (в живом сечении) не должна превышать 2,5 м/с при выбросе воздуха на фасады с окнами и 5 м/с при выбросе воздуха на необслуживаемой кровле с проведением акустических расчетов.;;;;;;;;;;;;;;;;;;;;
"Вставьте пропущенный фрагмент:
Аварийную вентиляцию в помещениях категорий А и Б следует предусматривать с ______________";Один;"ествесственным побужденем; механическим побужденим; работой в гибридном режиме";С механическим побуждением;СП 60.13330.2020, п.7.7.2 Аварийную вентиляцию в помещениях категорий А и Б следует предусматривать с механическим побуждением.;;;;;;;;;;;;;;;;;;;;
Допускается ли предусматривать аварийную вентиляцию для помещений категорий В1-В4, Г, Д с естественным побуждением;Один;"Нет; Да, при условии обеспечения требуемого расхода воздуха при расчетных параметрах Б в теплый период года";Да, при условии обеспечения требуемого расхода воздуха при расчетных параметрах Б в теплый период года;"СП 60.13330.2020, п.7.7.3 Аварийную вентиляцию производственных помещений категорий В1-В4, Г и Д следует предусматривать с механическим побуждением; допускается предусматривать аварийную вентиляцию с естественным побуждением при условии обеспечения требуемого расхода воздуха при расчетных параметрах Б в теплый период года.";;;;;;;;;;;;;;;;;;;;
"Выберите верные утверждения:
Вытяжные устройства (решетки или патрубки) для удаления поступающих в помещение газов и паров системами аварийной вентиляции необходимо размещать в следующих зонах:";Несколько;"в верхней - при поступлении газов и паров с плотностью больше плотности воздуха в рабочей зоне; в верхней - при поступлении газов и паров с плотностью меньше плотности воздуха в рабочей зоне; в рабочей - при поступлении газов и паров с плотностью больше плотности воздуха в рабочей зоне; в рабочей - при поступлении газов и паров с плотностью меньше плотности воздуха в рабочей зоне";"в верхней - при поступлении газов и паров с плотностью меньше плотности воздуха в рабочей зоне; в рабочей - при поступлении газов и паров с плотностью больше плотности воздуха в рабочей зоне";"СП 60.13330.2020, п.7.7.5 Вытяжные устройства (решетки или патрубки) для удаления поступающих в помещение газов и паров системами аварийной вентиляции необходимо размещать в следующих зонах:
а) в рабочей - при поступлении газов и паров с плотностью больше плотности воздуха в рабочей зоне;
б) в верхней - при поступлении газов и паров с плотностью меньше плотности воздуха в рабочей зоне.";;;;;;;;;;;;;;;;;;;;
Необходимо компенсировать расход воздуха, удаляемого аварийной вентиляцией. Какие решения возможно предусмотреть? ;Несколько;"системы противодымной приточной вентиляции, обеспечивающими необходимый расход воздуха; специальные приточные системы с механическим или естественным побуждением на необходимый расход воздуха; приток наружного воздуха через автоматически открываемые проемы; системы общеобменной приточной вентиляции с резервными вентиляторами, обеспечивающими необходимый расход воздуха;";"специальные приточные системы с механическим или естественным побуждением на необходимый расход воздуха; приток наружного воздуха через автоматически открываемые проемы; системы общеобменной приточной вентиляции с резервными вентиляторами, обеспечивающими необходимый расход воздуха;";"СП 60.13330.2020, п.7.7.6 Для возмещения расхода воздуха, удаляемого аварийной вентиляцией, следует использовать:
а) системы общеобменной приточной вентиляции с резервными вентиляторами, обеспечивающими необходимый расход воздуха;
б) системы, указанные в перечислении а) настоящего пункта и дополнительно системы специальной приточной вентиляции на недостающий расход воздуха;
в) специальные приточные системы с механическим или естественным побуждением на необходимый расход воздуха;";;;;;;;;;;;;;;;;;;;;
Какие мероприятия следует предусматривать при срабатывании аварийной вентиляции?;Один;"остановку всего вентиляционно-отопительного оборудования; аварийную сигнализацию с подачей светового и звукового сигналов; включение противодымной вентиляции; открывание/закрывание противопожарных огнезадерживающих клапанов";аварийную сигнализацию с подачей светового извукого сигналов;СП 60.13330.2020, п.7.7.10 При срабатывании систем аварийной вентиляции следует предусматривать аварийную сигнализацию, которая должна сопровождаться подачей светового и звукового сигналов.;;;;;;;;;;;;;;;;;;;;
Необходимо ли предусмотреть воздушно/воздушно-тепловую завесу у ворот, открывающихся не более чем на 30 минут в смену в помещений с мокрым процессом?;Один;"да, по заданию на проектирование; нет";да, по заданию на проектирование;СП 60.13330.2020, п.7.8.1 Воздушные и воздушно-тепловые завесы следует предусматривать:  в) у проемов, дверей и ворот помещений со специальными технологическими требованиями по заданию на проектирование (мокрый режим, предотвращение перетекания воздуха, помещения с кондиционированием, здания высокого класса энергоэффективности и т.п.).;;;;;;;;;;;;;;;;;;;;
Выберите параметры, необходимые при расчете и подборе ВТЗ:;Несколько;"температура наружного воздуха по параметр А; температура наружного воздуха по параметр Б; скорость ветра по параметрам А, но не более 5 м/с; скорость ветра по параметрам Б, но не более 5 м/с";"температура наружного воздуха по параметр Б; скорость ветра по параметрам Б, но не более 5 м/с";СП 60.13330.2020, п.7.8.2 Воздушные и воздушно-тепловые завесы у наружных проемов, ворот и дверей следует рассчитывать с учетом ветрового давления. Расчет проводят для условий температуры наружного воздуха (параметры Б) и скорости ветра, соответствующей параметрам Б, но не более 5 м/с.;;;;;;;;;;;;;;;;;;;;
"Вставьте пропущенный фрагмент: 
Температуру воздуха, подаваемого воздушно-тепловыми завесами, следует принимать по расчету, но не выше ___ у дверей и не выше ___ у ворот и проемов.";Один;"40 °С, 50 °С; 30 °С, 40 °С; 50 °С, 70 °С; 40 °С, 60 °С";50 °С, 70 °С;СП 60.13330.2020, п.7.8.3 Температуру воздуха, подаваемого воздушно-тепловыми завесами, следует принимать по расчету, но не выше 50°С у дверей и не выше 70°С у ворот и проемов.;;;;;;;;;;;;;;;;;;;;
"Вставьте пропущенный фрагмент:
""Скорость выпуска воздуха из воздухораспределителей воздушных и воздушно-тепловых завес следует принимать по расчету, но не выше ____ у дверей и ____ у ворот и проемов""";Один;"15 м/с, 40 м/с; 20 м/с, 45 м/с; 25 м/с, 40 м/с; 10 м/с, 45 м/с";15 м/с, 40 м/с;СП 60.13330.2020, п.7.8.4 Скорость выпуска воздуха из воздухораспределителей воздушных и воздушно-тепловых завес следует принимать по расчету, но не выше 15 м/с у дверей и 40 м/с у ворот и проемов.;;;;;;;;;;;;;;;;;;;;
"Выберите верное утверждение:
";Несколько;"Расчетную температуру смеси воздуха, поступающего в помещение через наружные двери, ворота и проемы, защищенные воздушными и воздушно-тепловыми завесами, для вестибюлей зданий общественного назначения следует принимать не менее 18 °С:; Расчетную температуру смеси воздуха, поступающего в помещение через наружные двери, ворота и проемы, защищенные воздушными и воздушно-тепловыми завесами, для производственных помещений при легкой работе, работе средней тяжести следует принимать не менее 10 °С:; Расчетную температуру смеси воздуха, поступающего в помещение через наружные двери, ворота и проемы, защищенные воздушными и воздушно-тепловыми завесами, для производственных помещений при тяжелой работе и отсутствии постоянных рабочих мест на расстоянии 6 м и менее от дверей, ворот и проемов следует принимать не менее 5 °С; Расчетную температуру смеси воздуха, поступающего в помещение через наружные двери, ворота и проемы, защищенные воздушными и воздушно-тепловыми завесами, для вестибюлей зданий общественного назначения следует принимать не менее 16 °С:; Расчетную температуру смеси воздуха, поступающего в помещение через наружные двери, ворота и проемы, защищенные воздушными и воздушно-тепловыми завесами, для производственных помещений при легкой работе, работе средней тяжести следует принимать не менее 12 °С:";"Расчетную температуру смеси воздуха, поступающего в помещение через наружные двери, ворота и проемы, защищенные воздушными и воздушно-тепловыми завесами, для вестибюлей зданий общественного назначения следует принимать не менее 18 °С:; Расчетную температуру смеси воздуха, поступающего в помещение через наружные двери, ворота и проемы, защищенные воздушными и воздушно-тепловыми завесами, для производственных помещений при тяжелой работе и отсутствии постоянных рабочих мест на расстоянии 6 м и менее от дверей, ворот и проемов следует принимать не менее 5 °С; Расчетную температуру смеси воздуха, поступающего в помещение через наружные двери, ворота и проемы, защищенные воздушными и воздушно-тепловыми завесами, для производственных помещений при легкой работе, работе средней тяжести следует принимать не менее 12 °С:";"СП 60.13330.2020, п.7.8.5 Расчетную температуру смеси воздуха, поступающего в помещение через наружные двери, ворота и проемы, защищенные воздушными и воздушно-тепловыми завесами, следует принимать не менее, °С:
18 - для вестибюлей зданий общественного назначения;
12 - для производственных помещений при легкой работе, работе средней тяжести и для вестибюлей жилых и административно-бытовых зданий;
5 - для производственных помещений при тяжелой работе и отсутствии постоянных рабочих мест на расстоянии 6 м и менее от дверей, ворот и проемов.";;;;;;;;;;;;;;;;;;;;
"Верно ли следующее утверждение:
""Если расчетная температура смеси воздуха, поступающего в помещение через проем, меньше расчетной температуры воздуха в помещении, допускается не учитывать дополнительную тепловую нагрузку на подогрев поступающего воздуха""";Один;"да; нет";нет;СП 60.13330.2020, п.7.8.6 Если расчетная температура смеси воздуха, поступающего в помещение через проем, меньше расчетной температуры воздуха в помещении, следует учитывать дополнительную тепловую нагрузку на подогрев поступающего воздуха.;;;;;;;;;;;;;;;;;;;;
"Верно ли утверждение:
Оборудование во взрывозащищенном исполнении следует предусматривать для систем общеобменной вентиляции, кондиционирования и воздушного отопления и противодымной вентиляции помещений категорий А и Б;";Один;"да; нет";да;"СП 60.13330.2020, п.7.9.3 Оборудование во взрывозащищенном исполнении следует предусматривать:
а) при его размещении в помещениях категорий А и Б или в воздуховодах систем, обслуживающих эти помещения;
б) для систем общеобменной вентиляции, кондиционирования и воздушного отопления (в том числе с воздухо-воздушными теплоутилизаторами) и противодымной вентиляции помещений категорий А и Б;";;;;;;;;;;;;;;;;;;;;
Допускается ли оборудование приточных систем вентиляции, кондиционирования и воздушного отопления, размещенное в помещении для вентиляционного оборудованияи обслуживающее помещения категорий А или Б, использовать обычном исполнении?;Один;"да, при условии установки взрывозащищенных обратных клапанов; нет";да, при условии установки взрывозащищенных обратных клапанов;СП 60.13330.2020, п.7.9.4 Оборудование приточных систем вентиляции, кондиционирования и воздушного отопления для помещений категорий А и Б, а также воздухо-воздушные теплоутилизаторы для этих помещений с использованием теплоты воздуха из помещений других категорий (кроме категорий А, Б, В1, В2), размещаемые в помещениях для вентиляционного оборудования, допускается принимать в обычном исполнении при условии установки взрывозащищенных обратных клапанов;;;;;;;;;;;;;;;;;;;;
"Верно ли утверждение: 
Воздухораспределители приточного воздуха следует принимать при воздушном отоплении, вентиляции и кондиционировании - с устройствами для регулирования направления и расхода воздуха.";Один;"да; нет";да;"СП 60.13330.2020, п.7.9.7 Воздухораспределители приточного воздуха следует принимать:
а) при воздушном отоплении, вентиляции и кондиционировании - с устройствами для регулирования направления и расхода воздуха;
б) для душирования рабочих мест - с устройствами для регулирования расхода и направления струи воздуха в горизонтальной плоскости на угол до 180° и в вертикальной плоскости - на угол до 30°.";;;;;;;;;;;;;;;;;;;;
В каком из случаем допускается размещать оборудование в обслуживаемом помещении:;Несколько;"в помещенях складов категорий А и Б; если оборудование имеет расход 5 тыс. м/ч и менее, установлено открыто и защищено от несанкционированного доступа; в помещениях складов категорий В2-В4, если электрооборудование имеет степень защиты P54; ни в каком из случаев";"если оборудование имеет расход 5 тыс. м/ч и менее, установлено открыто и защищено от несанкционированного доступа; в помещениях складов категорий В2-В4, если электрообборудование имеет степень защитв IP54";"СП 60.13330.2020, п.7.10.1 Оборудование следует размещать в помещении для вентиляционного оборудования (вентиляционных камерах) непосредственно в пожарном отсеке, в котором находятся обслуживаемые и (или) защищаемые помещения. Размер вентиляционных камер приточной или вытяжной вентиляции следует принимать с учетом возможности выполнения монтажных, ремонтных и демонтажных работ, а также сервисного обслуживания оборудования.
По заданию на проектирование допускается устанавливать оборудование:
а) в обслуживаемом помещении с учетом 7.10.2;
б) на кровле и снаружи здания соответствующего климатического исполнения (при расчетных параметрах Б) и наружного размещения оборудования по ГОСТ 15150.";;;;;;;;;;;;;;;;;;;;
Допускается ли оборудование систем приточной вентиляции, кондиционирования и воздушного отопления, обслуживающих помещения категорий А и Б, размещать в общем помещении для вентиляционного оборудования вместе с оборудованием вытяжных систем, а также приточно-вытяжных систем с рециркуляцией воздуха?;Один;"да; нет";нет;"СП 60.13330.2020, п.7.10.11 Оборудование систем приточной вентиляции, кондиционирования и воздушного отопления (далее - оборудование приточных систем), обслуживающих помещения категорий А и Б, не допускается размещать в общем помещении для вентиляционного оборудования вместе с оборудованием вытяжных систем, а также приточно-вытяжных систем с рециркуляцией воздуха или воздухо-воздушными теплоутилизаторами.
На воздуховодах приточных систем с оборудованием в обычном исполнении, обслуживающих помещения категорий А и Б, включая комнаты администрации, отдыха и обогрева работающих, расположенные в этих помещениях, следует предусматривать взрывозащищенные обратные клапаны в местах пересечения воздуховодами ограждений помещения для вентиляционного оборудования.";;;;;;;;;;;;;;;;;;;;
"Вставьте пропущенный фрагмент:
На воздуховодах приточных систем с оборудованием в обычном исполнении, обслуживающих помещения категорий А и Б, включая комнаты администрации, отдыха и обогрева работающих, расположенные в этих помещениях, следует предусматривать ______ клапаны в местах пересечения воздуховодами ограждений помещения для вентиляционного оборудования";текстовый;;"Взрывозащищенные обратные; взрывозащищенные обратные; обратные взрывозащищенные";СП 60.13330.2020, п.7.10.11 На воздуховодах приточных систем с оборудованием в обычном исполнении, обслуживающих помещения категорий А и Б, включая комнаты администрации, отдыха и обогрева работающих, расположенные в этих помещениях, следует предусматривать взрывозащищенные обратные клапаны в местах пересечения воздуховодами ограждений помещения для вентиляционного оборудования.;;;;;;;;;;;;;;;;;;;;
Допускается ли размещение вент.оборудования приточных систем с рециркуляцией, обслуживающих помещений категорий В1-В4, в общем помещении с оборудованием системы, обслуживающим помещение категории Б?;Один;"да; нет";нет;СП 60.13330.2020, п.7.10.12 Оборудование приточных систем с рециркуляцией воздуха, обслуживающих помещения категорий В1, В2, В3 и В4, не допускается размещать в общих помещениях для вентиляционного оборудования вместе с оборудованием систем для помещений других категорий взрывопожарной опасности.;;;;;;;;;;;;;;;;;;;;
"Вставьте пропущенный фрагмент: 
Оборудование приточных систем, обслуживающих жилые помещения, допускается размещать в общем помещении для вентиляционного оборудования вместе с оборудованием приточных систем, обслуживающих _______ помещения";текстовый;;"общественные; Общественные";СП 60.13330.2020, п.7.10.13 Оборудование приточных систем, обслуживающих жилые помещения, допускается размещать в общем помещении для вентиляционного оборудования вместе с оборудованием приточных систем, обслуживающих общественные помещения.;;;;;;;;;;;;;;;;;;;;
"Верно ли следующее утверждение: 
Оборудование вытяжных систем производственных, административно-бытовых и общественных зданий, удаляющих воздух с резким или неприятным запахов, допускается размещать в общем помещении для вентиляционного оборудования вместе с оборудованием для приточных систем.";Один;"да; нет";нет;СП 60.13330.2020, п.7.10.14 Оборудование вытяжных систем производственных, административно-бытовых и общественных зданий, удаляющих воздух с резким или неприятным запахом (из общественных уборных, курительных комнат и др.), не допускается размещать в общем помещении для вентиляционного оборудования вместе с оборудованием для приточных систем.;;;;;;;;;;;;;;;;;;;;
Выберите верное утверждение:;Несколько;"Оборудование приточных систем с рециркуляцией воздуха, обслуживающих помещения категорий В1, В2, В3 и В4, не допускается размещать в общих помещениях для вентиляционного оборудования вместе с оборудованием систем для помещений других категорий взрывопожарной опасности; Оборудование систем общеобменной вытяжной вентиляции, обслуживающих помещения категорий А и Б, допускается размещать в общем помещении для вентиляционного оборудования вместе с оборудованием для других систем.; Оборудование систем общеобменной вытяжной вентиляции для помещений категорий А и Б допускается размещать в общем помещении для вентиляционного оборудования вместе с оборудованием систем местных отсосов взрывоопасных смесей без пылеуловителей или с мокрыми пылеуловителями, если в воздуховодах исключены отложения горючих веществ.";"Оборудование приточных систем с рециркуляцией воздуха, обслуживающих помещения категорий В1, В2, В3 и В4, не допускается размещать в общих помещениях для вентиляционного оборудования вместе с оборудованием систем для помещений других категорий взрывопожарной опасности; Оборудование систем общеобменной вытяжной вентиляции для помещений категорий А и Б допускается размещать в общем помещении для вентиляционного оборудования вместе с оборудованием систем местных отсосов взрывоопасных смесей без пылеуловителей или с мокрыми пылеуловителями, если в воздуховодах исключены отложения горючих веществ.";"СП 60.13330.2020, п.7.10.15 Оборудование систем общеобменной вытяжной вентиляции, обслуживающих помещения категорий А и Б, не следует размещать в общем помещении для вентиляционного оборудования вместе с оборудованием для других систем.
Оборудование систем общеобменной вытяжной вентиляции для помещений категорий А и Б допускается размещать в общем помещении для вентиляционного оборудования вместе с оборудованием систем местных отсосов взрывоопасных смесей без пылеуловителей или с мокрыми пылеуловителями, если в воздуховодах исключены отложения горючих веществ.";;;;;;;;;;;;;;;;;;;;
Допускается ли в общем помещении для вентиляционного оборудования размещать вытяжное оборудование систем местных отсосов взрывоопасных смесей без пылеуловителей или с мокрыми пылеуловителями с оборудованием общеобменной вытяжной вентиляции для помещений категорий А?;Один;"да; нет";да;"СП 60.13330.2020, п.7.10.15 Оборудование систем общеобменной вытяжной вентиляции, обслуживающих помещения категорий А и Б, не следует размещать в общем помещении для вентиляционного оборудования вместе с оборудованием для других систем.
Оборудование систем общеобменной вытяжной вентиляции для помещений категорий А и Б допускается размещать в общем помещении для вентиляционного оборудования вместе с оборудованием систем местных отсосов взрывоопасных смесей без пылеуловителей или с мокрыми пылеуловителями, если в воздуховодах исключены отложения горючих веществ.";;;;;;;;;;;;;;;;;;;;
Допускается ли располагать в общем помещении оборудование вытяжных систем из помещений категорий В1 и В4 с оборудованием вытяжных систем из помещений категории Г? ;Один;"да; нет";нет;СП 60.13330.2020, п.7.10.16 Оборудование вытяжных систем из помещений категорий В1, В2 и В3 не следует размещать в общем помещении с оборудованием вытяжных систем из помещений категории Г.;;;;;;;;;;;;;;;;;;;;
Необходимо предусмотреть вытяжную вентиляцию из номера гостиницы, имеющего санузел. Какое принципиальное решение следует предусмотреть?;Несколько;"устройство переточных решеток в нижней части санузлов; за счет щели между дверью и полом не менее 2 см; устройство отдельно вытяжной вентиляции с помещения номера гостиницы; естественное проветривение через окна; устройство переточных решеток в нижней части двери в номер гостиницы из коридора";"устройство переточных решеток в нижней части санузлов; за счет щели между дверью и полом не менее 2 см";СП 60.13330.2020, п.7.10.18 Удаление воздуха из жилых комнат и номеров гостиниц, имеющих санузлы, следует предусматривать через санузлы с устройством переточных решеток в нижней части санузлов или за счет щели между дверью и полом не менее 2 см.;;;;;;;;;;;;;;;;;;;;
"Вставьте пропущенный фрагмент: 
В центральных системах вентиляции и кондиционирования воздуха жилых зданий и лечебных учреждений следует применять преимущественно ___________ рекуператоры";несколько;"пластинчатые; перекрестно-точные; роторые";"пластинчатые; перекрестно-точные";СП 60.13330.2020, п.7.10.18 В центральных системах вентиляции и кондиционирования воздуха жилых зданий и лечебных учреждений следует применять преимущественно пластинчатые и перекрестно-точные рекуператоры.;;;;;;;;;;;;;;;;;;;;
К какой категории необходимо отнести помещение вент.камеры для общеобменной вытяжной вентиляции, если в нем размещаются вентиляторы, воздуходувки и компрессоры, подающие наружный воздух в эжекторы, расположенные вне этих помещений?;Один;"А; Б; В1 или В2; В4; Д";Д;"СП 60.13330.2020, п.7.10.19 Помещения для вентиляционного оборудования вытяжных систем общеобменной вентиляции и местных отсосов по взрывопожарной и пожарной опасности следует относить:
а) к категории помещений, которые они обслуживают, если в них размещается оборудование систем общеобменной вентиляции производственных зданий;
б) к категории Д, если в них размещаются вентиляторы, воздуходувки и компрессоры, подающие наружный воздух в эжекторы, расположенные вне этих помещений;
в) к категории помещений, из которых забирается воздух вентиляторами, воздуходувками и компрессорами для подачи в эжекторы;
г) к категории А или Б, если в них размещается оборудование систем местных отсосов, удаляющих взрывоопасные смеси от технологического оборудования. Помещения для оборудования систем местных отсосов взрывоопасных пылевоздушных смесей с пылеуловителями мокрой очистки, размещенными перед вентиляторами, допускается, при обосновании в соответствии с требованиями пожарной безопасности, относить к помещениям категории Д;
д) к категории Д, если в них размещается оборудование вытяжных систем общеобменной вентиляции жилых, общественных и административно-бытовых помещений.
Помещения для оборудования вытяжных систем, обслуживающих несколько помещений различных категорий по взрывопожарной и пожарной опасности, следует относить к более опасной категории.";;;;;;;;;;;;;;;;;;;;
К какой категории необходимо отнести помещение вент.камеры для общеобменной вытяжной вентиляции, если в них размещается оборудование систем местных отсосов, удаляющих взрывоопасные смеси от технологического оборудования?;Несколько;"А; Б; В1 или В2; В3 или В4; Д";"А; Б";"СП 60.13330.2020, п.7.10.19 Помещения для вентиляционного оборудования вытяжных систем общеобменной вентиляции и местных отсосов по взрывопожарной и пожарной опасности следует относить:
а) к категории помещений, которые они обслуживают, если в них размещается оборудование систем общеобменной вентиляции производственных зданий;
б) к категории Д, если в них размещаются вентиляторы, воздуходувки и компрессоры, подающие наружный воздух в эжекторы, расположенные вне этих помещений;
в) к категории помещений, из которых забирается воздух вентиляторами, воздуходувками и компрессорами для подачи в эжекторы;
г) к категории А или Б, если в них размещается оборудование систем местных отсосов, удаляющих взрывоопасные смеси от технологического оборудования. Помещения для оборудования систем местных отсосов взрывоопасных пылевоздушных смесей с пылеуловителями мокрой очистки, размещенными перед вентиляторами, допускается, при обосновании в соответствии с требованиями пожарной безопасности, относить к помещениям категории Д;
д) к категории Д, если в них размещается оборудование вытяжных систем общеобменной вентиляции жилых, общественных и административно-бытовых помещений.
Помещения для оборудования вытяжных систем, обслуживающих несколько помещений различных категорий по взрывопожарной и пожарной опасности, следует относить к более опасной категории.";;;;;;;;;;;;;;;;;;;;
К какой категории необходимо отнести помещение вент.камеры для общеобменной вытяжной вентиляции, если в них размещается оборудование вытяжных систем общеобменной вентиляции административно-бытовых помещений?;Один;"А; Б; В1 или В2; В4; Д";Д;"СП 60.13330.2020, п.7.10.19 Помещения для вентиляционного оборудования вытяжных систем общеобменной вентиляции и местных отсосов по взрывопожарной и пожарной опасности следует относить:
а) к категории помещений, которые они обслуживают, если в них размещается оборудование систем общеобменной вентиляции производственных зданий;
б) к категории Д, если в них размещаются вентиляторы, воздуходувки и компрессоры, подающие наружный воздух в эжекторы, расположенные вне этих помещений;
в) к категории помещений, из которых забирается воздух вентиляторами, воздуходувками и компрессорами для подачи в эжекторы;
г) к категории А или Б, если в них размещается оборудование систем местных отсосов, удаляющих взрывоопасные смеси от технологического оборудования. Помещения для оборудования систем местных отсосов взрывоопасных пылевоздушных смесей с пылеуловителями мокрой очистки, размещенными перед вентиляторами, допускается, при обосновании в соответствии с требованиями пожарной безопасности, относить к помещениям категории Д;
д) к категории Д, если в них размещается оборудование вытяжных систем общеобменной вентиляции жилых, общественных и административно-бытовых помещений.
Помещения для оборудования вытяжных систем, обслуживающих несколько помещений различных категорий по взрывопожарной и пожарной опасности, следует относить к более опасной категории.";;;;;;;;;;;;;;;;;;;;
"Вставьте пропущенный фрагмент: 
Помещения для оборудования ______ систем, обслуживающих несколько помещений различных категорий по взрывопожарной и пожарной опасности, следует относить к более опасной категории.";Несколько;"вытяжных. ; приточных с рециркуляцией.; приточно-вытяжных; приточных ";"вытяжных. ; приточных с рециркуляцией. ";"СП 60.13330.2020, п.7.10.19 Помещения для вентиляционного оборудования вытяжных систем общеобменной вентиляции и местных отсосов по взрывопожарной и пожарной опасности следует относить:
а) к категории помещений, которые они обслуживают, если в них размещается оборудование систем общеобменной вентиляции производственных зданий;
б) к категории Д, если в них размещаются вентиляторы, воздуходувки и компрессоры, подающие наружный воздух в эжекторы, расположенные вне этих помещений;
в) к категории помещений, из которых забирается воздух вентиляторами, воздуходувками и компрессорами для подачи в эжекторы;
г) к категории А или Б, если в них размещается оборудование систем местных отсосов, удаляющих взрывоопасные смеси от технологического оборудования. Помещения для оборудования систем местных отсосов взрывоопасных пылевоздушных смесей с пылеуловителями мокрой очистки, размещенными перед вентиляторами, допускается, при обосновании в соответствии с требованиями пожарной безопасности, относить к помещениям категории Д;
д) к категории Д, если в них размещается оборудование вытяжных систем общеобменной вентиляции жилых, общественных и административно-бытовых помещений.
Помещения для оборудования вытяжных систем, обслуживающих несколько помещений различных категорий по взрывопожарной и пожарной опасности, следует относить к более опасной категории.";;;;;;;;;;;;;;;;;;;;
К какой категории необходимо отнести помещение вент.камеры для общеобменной приточной вентиляции, если в них размещены установки (фильтры и др.) с маслом вместимостью 75 л и более?;Один;"А; Б; В1; В2; Д";В1;"СП 60.13330.2020, п.7.10.20 Помещения для вентиляционного оборудования приточных систем вентиляции по взрывопожарной и пожарной опасности следует относить:
а) к категории В1, если в них размещены установки (фильтры и др.) с маслом вместимостью 75 л и более в одной из установок;
б) к категориям В1, В2, В3, В4 или Г, если система работает с рециркуляцией воздуха из помещений соответственно категорий В1, В2, В3, В4 или Г, кроме случаев забора воздуха из помещений, где не выделяются горючие газы и пыль или для очистки воздуха от пыли применяются пенные или мокрые пылеуловители;
в) к категориям В1, В2, В3, В4, если в помещении для вентиляционного оборудования размещаются вытяжные установки, обслуживающие помещения соответственно категорий В1, В2, В3, В4;
г) к категории помещений, теплота удаляемого воздуха из которых используется в воздухо-воздушных теплоутилизаторах, размещаемых в помещении для оборудования приточных систем;
д) к категории Г, если в обслуживаемых системами помещениях размещено теплогенерирующее оборудование на газовом топливе;
е) к категории Д - в остальных случаях. 
Помещения для оборудования приточных систем с рециркуляцией, обслуживающих несколько помещений различных категорий по взрывоопасной и пожарной опасности, следует относить к более опасной категории.";;;;;;;;;;;;;;;;;;;;
К какой категории необходимо отнести помещение вент.камеры для общеобменной приточной вентиляции, если в обслуживаемых системами помещениях размещено теплогенерирующее оборудование на газовом топливе?;Один;"А; Б; В1; Г; Д";Г;"СП 60.13330.2020, п.7.10.20 Помещения для вентиляционного оборудования приточных систем вентиляции по взрывопожарной и пожарной опасности следует относить:
а) к категории В1, если в них размещены установки (фильтры и др.) с маслом вместимостью 75 л и более в одной из установок;
б) к категориям В1, В2, В3, В4 или Г, если система работает с рециркуляцией воздуха из помещений соответственно категорий В1, В2, В3, В4 или Г, кроме случаев забора воздуха из помещений, где не выделяются горючие газы и пыль или для очистки воздуха от пыли применяются пенные или мокрые пылеуловители;
в) к категориям В1, В2, В3, В4, если в помещении для вентиляционного оборудования размещаются вытяжные установки, обслуживающие помещения соответственно категорий В1, В2, В3, В4;
г) к категории помещений, теплота удаляемого воздуха из которых используется в воздухо-воздушных теплоутилизаторах, размещаемых в помещении для оборудования приточных систем;
д) к категории Г, если в обслуживаемых системами помещениях размещено теплогенерирующее оборудование на газовом топливе;
е) к категории Д - в остальных случаях. 
Помещения для оборудования приточных систем с рециркуляцией, обслуживающих несколько помещений различных категорий по взрывоопасной и пожарной опасности, следует относить к более опасной категории.";;;;;;;;;;;;;;;;;;;;
"Вставьте пропущенный фрагмент: 
Помещения для оборудования ______ систем, обслуживающих несколько помещений различных категорий по взрывопожарной и пожарной опасности, следует относить к более опасной категории.";Несколько;"вытяжных. ; приточных с рециркуляцией.; приточно-вытяжных; приточных ";"вытяжных. ; приточных с рециркуляцией. ";"СП 60.13330.2020, п.7.10.20 Помещения для вентиляционного оборудования приточных систем вентиляции по взрывопожарной и пожарной опасности следует относить:
а) к категории В1, если в них размещены установки (фильтры и др.) с маслом вместимостью 75 л и более в одной из установок;
б) к категориям В1, В2, В3, В4 или Г, если система работает с рециркуляцией воздуха из помещений соответственно категорий В1, В2, В3, В4 или Г, кроме случаев забора воздуха из помещений, где не выделяются горючие газы и пыль или для очистки воздуха от пыли применяются пенные или мокрые пылеуловители;
в) к категориям В1, В2, В3, В4, если в помещении для вентиляционного оборудования размещаются вытяжные установки, обслуживающие помещения соответственно категорий В1, В2, В3, В4;
г) к категории помещений, теплота удаляемого воздуха из которых используется в воздухо-воздушных теплоутилизаторах, размещаемых в помещении для оборудования приточных систем;
д) к категории Г, если в обслуживаемых системами помещениях размещено теплогенерирующее оборудование на газовом топливе;
е) к категории Д - в остальных случаях. 
Помещения для оборудования приточных систем с рециркуляцией, обслуживающих несколько помещений различных категорий по взрывоопасной и пожарной опасности, следует относить к более опасной категории.";;;;;;;;;;;;;;;;;;;;
Укажите пределах огнестойкости ограждающих конструкций венткамеры, расположенной в одном пожарном отсеке с обслуживающимся помещением:;один;"EI15. ; EI30. ; EI45.; не регламентируется";EI 45;СП 60.13330.2020, п.7.10.23 Пределы огнестойкости ограждающих строительных конструкций помещений для вентиляционного оборудования систем общеобменной вентиляции, расположенных в пожарном отсеке, где находятся обслуживаемые этими системами помещения, должны быть не менее EI 45. Двери таких помещений (за исключением помещений для вентиляционного оборудования систем общеобменной вентиляции отнесенных к категории Д) должны быть противопожарными 2-го типа.;;;;;;;;;;;;;;;;;;;;
Укажите кратность воздухообмена в помешени вент.оборудования при совместном расположении приточного и вытяжного оборудования (Указать числом);текстовый;;"1.5; 1,5";СП 60.13330.2020, п.7.10.24 Помещения вентиляционных камер должны быть оборудованы вентиляцией в объеме плюс 2 крата для приточных и минус 1 крат для вытяжных вентиляционных камер. При совместном расположении приточного и вытяжного оборудования кратность воздухообмена в них следует принимать 1,5. Допускается использовать для этих целей размещенное в вентиляционных камерах оборудование с наибольшим временем работы на обслуживаемые помещения.;;;;;;;;;;;;;;;;;;;;
Укажите кратность воздухообмена в помешени вент.оборудования при расположении в нем только приточного оборудования (Указать числом);текстовый;;2;СП 60.13330.2020, п.7.10.24 Помещения вентиляционных камер должны быть оборудованы вентиляцией в объеме плюс 2 крата для приточных и минус 1 крат для вытяжных вентиляционных камер. При совместном расположении приточного и вытяжного оборудования кратность воздухообмена в них следует принимать 1,5. Допускается использовать для этих целей размещенное в вентиляционных камерах оборудование с наибольшим временем работы на обслуживаемые помещения.;;;;;;;;;;;;;;;;;;;;
Укажите кратность воздухообмена в помешени вент.оборудования при расположении в нем только вытяжного оборудования (Указать числом);текстовый;;1;СП 60.13330.2020, п.7.10.24 Помещения вентиляционных камер должны быть оборудованы вентиляцией в объеме плюс 2 крата для приточных и минус 1 крат для вытяжных вентиляционных камер. При совместном расположении приточного и вытяжного оборудования кратность воздухообмена в них следует принимать 1,5. Допускается использовать для этих целей размещенное в вентиляционных камерах оборудование с наибольшим временем работы на обслуживаемые помещения.;;;;;;;;;;;;;;;;;;;;
Допускается ли прокладывать транзитные воздуховоды систем противодымной вентиляции в обслуживаемой лестничной клетке?;Один;"да; нет";да;"СП 60.13330.2020, п.7.11.12 Не допускается прокладывать воздуховоды:
а) транзитные - через лестничные клетки, тамбур-шлюзы, лифтовые холлы, безопасные зоны (за исключением воздуховодов систем противодымной вентиляции, обслуживающих эти лестничные клетки, тамбур-шлюзы, лифтовые холлы и безопасные зоны), через помещения защитных сооружений гражданской обороны.
Примечание - Допускается транзитная прокладка воздуховодов систем общеобменной вентиляции, а также систем приточной противодымной вентиляции через тамбур-шлюзы, лифтовые холлы, лестничные клетки и безопасные зоны, согласно 9.18 и сводам правил по пожарной безопасности, обеспечивающим выполнение требований [3].             
б) систем, обслуживающих производственные помещения категорий А и Б, и систем местных отсосов взрывоопасных смесей - в подвалах и в подпольных каналах;
в) напорных участков систем местных отсосов взрывоопасных смесей, а также вредных веществ 1-го и 2-го классов опасности или неприятно пахнущих веществ - через другие помещения";;;;;;;;;;;;;;;;;;;;
"Вставьте пропущенный фрагмент:
Внутри воздуховодов, а также снаружи на расстоянии менее ____ мм от их стенок не допускается размещать газопроводы и трубопроводы с горючими веществами, кабели, электропроводку, токоотводы и канализационные трубопроводы.";текстовый;;100;СП 60.13330.2020, п.7.11.13 Внутри воздуховодов, а также снаружи на расстоянии менее 100 мм от их стенок не допускается размещать газопроводы и трубопроводы с горючими веществами, кабели, электропроводку, токоотводы и канализационные трубопроводы. Не допускается пересечение воздуховодов этими коммуникациями и другими воздуховодами.;;;;;;;;;;;;;;;;;;;;
Специалист раздела ВК просит согласовать расположение трубопроводов бытовой и производственной канализации в вент.шахте с воздуховодами. Ваши действия;Один;"согласую размещение при наличии свободного пространства; такое размещение недопустимо ";такое размещение недопустимо ;"СП 60.13330.2020, п.7.11.13 Внутри воздуховодов, а также снаружи на расстоянии менее 100 мм от их стенок не допускается размещать газопроводы и трубопроводы с горючими веществами, кабели, электропроводку, токоотводы и канализационные трубопроводы. Не допускается пересечение воздуховодов этими коммуникациями и другими воздуховодами. В шахтах с воздуховодами систем вентиляции не допускается прокладывать трубопроводы бытовой и производственной канализации.
Примечание - Допускается прокладка кабельно-проводниковых изделий на расстоянии менее 100 мм от стенок воздуховодов при выполнении одного из условий:
- обеспечение предела огнестойкости воздуховодов не менее EI 30 или отделение воздуховодов негорючими материалами (экранами);
- применение кабельных изделий, не распространяющих горение.";;;;;;;;;;;;;;;;;;;;
Допускается ли прокладка кабельно-проводниковых изделий на расстоянии менее 100 мм от стенок воздуховодов?;Несколько;"не допускается; допускается при обеспечении предела огнестойкости воздуховодов не менее EI 30 или отделение воздуховодов негорючими материалами (экранами); применение кабельных изделий, не распространяющих горение; допускается при обеспечении предела огнестойкости воздуховодов не менее EI 15 или отделение воздуховодов негорючими материалами (экранами);";"допускается при обеспечении предела огнестойкости воздуховодов не менее EI 30 или отделение воздуховодов негорючими материалами (экранами); применение кабельных изделий, не распространяющих горение;";"СП 60.13330.2020, п.7.11.13 Внутри воздуховодов, а также снаружи на расстоянии менее 100 мм от их стенок не допускается размещать газопроводы и трубопроводы с горючими веществами, кабели, электропроводку, токоотводы и канализационные трубопроводы. Не допускается пересечение воздуховодов этими коммуникациями и другими воздуховодами. В шахтах с воздуховодами систем вентиляции не допускается прокладывать трубопроводы бытовой и производственной канализации.
Примечание - Допускается прокладка кабельно-проводниковых изделий на расстоянии менее 100 мм от стенок воздуховодов при выполнении одного из условий:
- обеспечение предела огнестойкости воздуховодов не менее EI 30 или отделение воздуховодов негорючими материалами (экранами);
- применение кабельных изделий, не распространяющих горение.";;;;;;;;;;;;;;;;;;;;
"Вставьте пропущенный фрагмент:
Воздуховоды, в которых возможно оседание или конденсация влаги или других жидкостей, следует выполнять с уклоном не менее______ в сторону движения воздуха и предусматривать дренирование.";текстовый;;0.005: 0,005;СП 60.13330.2020, п.7.11.15 Воздуховоды, в которых возможно оседание или конденсация влаги или других жидкостей, следует выполнять с уклоном не менее 0,005 в сторону движения воздуха и предусматривать дренирование.;;;;;;;;;;;;;;;;;;;;
Что следует использовать в качестве хладоносителя для гидравлических контуров, находящихся частично или полностью за пределами теплого контура здания? ;Один;"воду с температурой 5 град из артезианской скважины; незамерзающую жидкость со сроков эксплуатации не менее 5 лет; незамерзающую жидкость со сроков эксплуатации не менее 10 лет; подготовленную воду с ингибиторами коррозии и пенообразования";незамерзающую жидкость со сроков эксплуатации не менее 5 лет;"СП 60.13330.2020, п.8.2 Для гидравлических контуров системы холодоснабжения, находящихся за пределами теплого контура здания полностью или частично, в качестве хладоносителя рекомендуется использовать незамерзающие жидкости (антифризы) со сроком эксплуатации не менее 5 лет.
Для гидравлических контуров, находящихся в пределах теплого контура здания, в качестве рабочей среды следует использовать подготовленную воду с ингибиторами коррозии и пенообразования. Использование в качестве хладоносителя неподготовленной воды не допускается.
Концентрацию незамерзающей жидкости следует определять с учетом расчетной температуры наружного воздуха (параметры Б) в холодный период года";;;;;;;;;;;;;;;;;;;;
Что следует использовать в качестве хладоносителя для гидравлических контуров, находящихся в пределах теплого контура здания? ;Один;"воду с температурой 5 град из артезианской скважины; незамерзающую жидкость со сроков эксплуатации не менее 5 лет; незамерзающую жидкость со сроков эксплуатации не менее 10 лет; подготовленную воду с ингибиторами коррозии и пенообразования";подготовленную воду с ингибиторами коррозии и пенообразования;"СП 60.13330.2020, п.8.2 Для гидравлических контуров системы холодоснабжения, находящихся за пределами теплого контура здания полностью или частично, в качестве хладоносителя рекомендуется использовать незамерзающие жидкости (антифризы) со сроком эксплуатации не менее 5 лет.
Для гидравлических контуров, находящихся в пределах теплого контура здания, в качестве рабочей среды следует использовать подготовленную воду с ингибиторами коррозии и пенообразования. Использование в качестве хладоносителя неподготовленной воды не допускается.
Концентрацию незамерзающей жидкости следует определять с учетом расчетной температуры наружного воздуха (параметры Б) в холодный период года";;;;;;;;;;;;;;;;;;;;
Выберите верное утверждение:;Один;"Для систем холодоснабжения следует предусматривать не менее двух холодильных машин или одну машину с двумя и более компрессорами и испарительными контурами, обеспечивающими не менее 25% холодопроизводительности каждый.; Допускается предусматривать одну одноконтурную, с одним компрессором холодильную машину мощностью до 600 кВт с регулируемой холодопроизводительностью до 25% и менее.; нет верных утверждений";нет верных утверждений;"СП 60.13330.2020, п.8.4 Для систем холодоснабжения следует предусматривать не менее двух холодильных машин или одну машину с двумя и более компрессорами и испарительными контурами, обеспечивающими не менее 50% холодопроизводительности каждый.
Допускается предусматривать одну одноконтурную, с одним компрессором холодильную машину мощностью до 500 кВт с регулируемой холодопроизводительностью до 25% и менее.";;;;;;;;;;;;;;;;;;;;
"Верно ли следубщее утверждение:
Резервные холодильные машины следует предусматривать для систем кондиционирования, работающих круглосуточно, или по заданию на проектирование";Один;"да; нет";да;СП 60.13330.2020, п.8.5 Резервные холодильные машины следует предусматривать для систем кондиционирования, работающих круглосуточно, или по заданию на проектирование.;;;;;;;;;;;;;;;;;;;;
Для каких систем холодоснабжения в помещениях с повышенными требованиями надежности работы оборудования следует 100%-ое резервирование источника холода?;Несколько;"Для систем холодоснабжения, обеспечивающих круглосуточное поддержание заданных параметров воздуха в кондиционируемых помещениях ; Для систем холодоснабжения, обеспечивающих езонное поддержание заданных параметров воздуха в кондиционируемых помещениях; Для систем холодоснабжения, обеспечивающих круглогодичное поддержание заданных параметров воздуха в кондиционируемых помещениях";"Для систем холодоснабжения, обеспечивающих круглосуточное поддержание заданных параметров воздуха в кондиционируемых помещениях ; Для систем холодоснабжения, обеспечивающих езонное поддержание заданных параметров воздуха в кондиционируемых помещениях; Для систем холодоснабжения, обеспечивающих круглогодичное поддержание заданных параметров воздуха в кондиционируемых помещениях";СП 60.13330.2020, п.8.5 Для систем холодоснабжения, обеспечивающих круглосуточное, сезонное или круглогодичное поддержание заданных параметров воздуха в кондиционируемых помещениях с повышенными требованиями надежности работы оборудования (аппаратные, серверные, вычислительные центры и т.п.), следует предусматривать 100%-ное резервирование источников холода.;;;;;;;;;;;;;;;;;;;;
В каких случаях в гидравлических контурах системы холодоснабжения следует предусматривать для каждого контура не менее двух циркуляционных насосов: 1 рабочий, 1 резервный?;Один;"в системах, работающих круглосуточно и круглогодично; для любых систем систем холодоснабжения; по техническому заданию на проектирование; данное требование не обязательно";для любых систем систем холодоснабжения;"СП 60.13330.2020, п.8.5 В гидравлических контурах системы холодоснабжения следует предусматривать для каждого гидравлического контура не менее двух циркуляционных насосов: один - рабочий, второй - резервный.
При установке более двух рабочих циркуляционных насосов, работающих на один гидравлический контур, следует объединять их в насосные группы; насосная группа должна иметь одну резервную насосную установку.
В двухконтурной системе холодоснабжения резервирование теплообменников следует предусматривать по схеме N+1.";;;;;;;;;;;;;;;;;;;;
Допускается ли слив отработанного антифриза в хозяйственно-бытовую канализацию?;Один;"да; нет";нет;СП 60.13330.2020, п.8.7 При использовании незамерзающей жидкости в системе холодоснабжения необходимо предусматривать установку бака для заполнения либо опорожнения системы или ее отдельных частей (оборудования, трубопроводов), разделенных запорной арматурой, при запуске, регламентных и ремонтных работах, аварии, а также для плановой замены и утилизации антифриза. Объем бака должен быть не менее максимального объема раствора незамерзающей жидкости, сливаемой из каждой части системы холодоснабжения. Слив отработанного антифриза в хозяйственно-бытовую или дождевую канализацию не допускается.;;;;;;;;;;;;;;;;;;;;
"Вставьте пропущенное значение:
Расчетный перепад температур холодной и оборотной воды (раствора) в испарителе и конденсаторе рекомендуется принимать в пределах _____.";Один;" 4-6 °C; 5-10 °C; 4-8 °C; 6-8 °C"; 4-6 °C;СП 60.13330.2020, п.8.8 Расчетный перепад температур холодной и оборотной воды (раствора) в испарителе и конденсаторе рекомендуется принимать в пределах 4°C-6°C.;;;;;;;;;;;;;;;;;;;;
Укажите максимальное значение потерь холода в оборудовании и трубопроводах систем холодоснабжения?;Один;"4 %; 5 %; 7% ; 8%";7%;СП 60.13330.2020, п.8.8 Потери холода в оборудовании и трубопроводах систем холодоснабжения не должны превышать 7% холодопроизводительности холодильной установки.;;;;;;;;;;;;;;;;;;;;
В каких случаях допускается размещение холодильных машин,сухих охладителей воздуха на кровле?;Несколько;"в случае исключения попадания выбрасываемого воздуха в приемные устройства наружного воздуха; в случае учета розы ветров и снежного покрова; допускается не учитывать перечисленные условия";"в случае исключения попадания выбрасываемого воздуха в приемные устройства наружного воздуха; в случае учета розы ветров и снежного покрова";СП 60.13330.2020, п.8.12 Холодильные машины, вентиляторные градирни, сухие охладители жидкости, конденсаторы воздушного охлаждения допускается размещать на кровле зданий и открытых площадках, исключая возможность попадания выбрасываемого воздуха в приемные устройства наружного воздуха, а также с учетом розы ветров и снежного покрова.;;;;;;;;;;;;;;;;;;;;
Допускается ли размещение наружных блоков кондиционеров раздельного типа в объеме открытых лестничных клеток?;Один;"да, если мощность по холоду не превышает 18 кВт, при обеспечении эвакуационных проходов; нет";да, если мощность по холоду не превышает 18 кВт, при обеспечении эвакуационных проходов;СП 60.13330.2020, п.8.12 Наружные блоки кондиционеров раздельного типа мощностью по холоду до 18 кВт допускается размещать на незастекленных лоджиях и в объеме открытых лестничных клеток при условии обеспечения нормируемых эвакуационных проходов, устройства шумозащиты и отвода конденсата.;;;;;;;;;;;;;;;;;;;;
Неободимо ли холодильные центры с компрессионными холодильными машинами общей мощностью до 1500 кВт оборудовать технологическими емкостями (дренажными ресиверами) для сбора и утилизации хладагента?;один;"да; нет";нет;СП 60.13330.2020, п.8.16  Холодильные центры с компрессионными холодильными машинами общей мощностью более 1500 кВт должны быть оборудованы технологическими емкостями (дренажными ресиверами) для сбора и утилизации хладагента. Допускается применение передвижных подключаемых устройств.;;;;;;;;;;;;;;;;;;;;
Укажите возможное место размещения бромисто-литиевых холодильных машин:;Один;"на открытых площадках; в отдельном от обслуживаего системой здании; в отдельном помещении обслуживаемого здания; во всех выше перечисленных ";во всех выше перечисленных ;"СП 60.13330.2020, п.8.17 Бромисто-литиевые холодильные машины следует размещать на открытых площадках; допускается размещать бромисто-литиевые холодильные машины в отдельных зданиях или отдельных помещениях зданий различного назначения.";;;;;;;;;;;;;;;;;;;;
К какой категории следует относить помещение с бромисто-литиевыми или пароэжекторными холодильными машинами и тепловыми насосами по пожароопасности?;один ;"А; В1; Г; Д";Д;СП 60.13330.2020, п.8.19 Помещения, в которых размещают бромисто-литиевые и пароэжекторные холодильные машины и тепловые насосы, следует относить по пожарной опасности к категории Д. Хранение масла следует предусматривать в отдельном помещении.;;;;;;;;;;;;;;;;;;;;
Какую кратность воздухообмена должны обеспечивать системы общеобменной приточно-вытяжной механической вентиляции в рабочем режиме в машинном зале холодильных центров?;один;"не менее 1 крат; не менее 2 крат; не менее 3 крат; не менее 4 крат"; не менее 4 крат;СП 60.13330.2020, п.8.20 Системы приточно-вытяжной вентиляции с механическим побуждением должны обеспечивать в рабочем режиме не менее четырех воздухообменов в час при нахождении людей в машинном отделении.;;;;;;;;;;;;;;;;;;;;
Какую кратность воздухообмена должны обеспечивать системы аварийной механической вентиляции в рабочем режиме в машинном зале холодильных центров?;один;"расчётным методом, но не менее 2 крат; расчётным методом, но не менее 3 крат; расчётным методом, менее 4 крат.; расчётным методом, но не менее 5 крат";расчётным методом, но не менее 5 крат;СП 60.13330.2020, п.8.20 Аварийная вентиляция должна включаться по детекторам наличия хладагента в помещении хладоцентра. Кратность воздухообмена аварийной вентиляции определяется расчетом, но не менее пяти воздухообменов в час. Удаление воздуха предусматривается равномерно из верхней и нижней зон помещения, подача воздуха осуществляется в рабочую зону.;;;;;;;;;;;;;;;;;;;;
Допускается ли прокладка канализационных труб в помещениях вентиляционных камер?;Один;"да, на хомутовых безраструбных соединениях; нет";да, на хомутовых безраструбных соединениях;"СП 60.13330.2020, п.10.6 Через помещение для вентиляционного оборудования не допускается прокладывать трубопроводы:
а) с легковоспламеняющимися и горючими жидкостями и газами;
б) канализационные с прочистками и ревизиями (кроме трубопроводов ливневой канализации и водоотведения из вышележащих помещений для вентиляционного оборудования, в том числе от вентиляционного оборудования); допускается прокладка канализационных трубопроводов на хомутовых безраструбных соединениях.";;;;;;;;;;;;;;;;;;;;
В каких случаях следует предусматривать грузоподъемные механизмы для обесечения ремонта вентиляторов и электродвигателей?;Один;"при массе единицы оорудования более 50 кг; при массе единицы оорудования более 60 кг; при массе единицы оорудования более 90 кг; при массе единицы оорудования более 100 кг";при массе единицы оорудования более 100 кг;СП 60.13330.2020, п.10.7 Для обеспечения ремонта оборудования (вентиляторов, электродвигателей) массой единицы оборудования или части его более 100 кг следует предусматривать грузоподъемные машины (если не могут быть использованы механизмы, предназначенные для технологических нужд).;;;;;;;;;;;;;;;;;;;;
"Вставьте пропущенные значения:
Открываемые проемы или окна производственных помещений, предназначенные для естественного притока воздуха в теплый период года, следует размещать на высоте не более ___ м от пола или рабочей площадки до низа проема, а для притока воздуха в холодный период года - на высоте не менее ___ м.";один;"1,8, 3,2; 1,6, 3,2; 1,8, 3,0; 1,8, 3,0; ";1,8, 3,2;СП 60.13330.2020, п.10.8;;;;;;;;;;;;;;;;;;;;
В каких случаях для обслуживания оборудования, арматуры и приборов следует предусматривать стационарные лестницы и площадки?(В формате 1,0 м, 2,0 м);Один;"выше 1,6 м и более от пола или уровня земли; выше 1,8 м и более от пола или уровня земли; выше 1,9 м и более от пола или уровня земли; выше 1,5 м и более от пола или уровня земли";выше 1,8 м и более от пола или уровня земли;"СП 60.13330.2020, п.10.10 Для обслуживания оборудования, арматуры и приборов, размещаемых выше 1,8 м и более от пола или уровня земли следует предусматривать стационарные лестницы и площадки.
Арматуру, приборы, вентиляционные и отопительные агрегаты, а также автономные кондиционеры допускается ремонтировать и обслуживать с передвижных средств подмащивания при соблюдении установленных правил техники безопасности.";;;;;;;;;;;;;;;;;;;;
Укажите высоту помещения для отопительно-вентиляционного и холодильного оборудованияот отметки чистого пола до низа выступающих конструкций перекрытий. (В формате 1,0 м);текстовый;;"2,2 м; 2,2 метра; 2.2 метра";СП 60.13330.2020, п.10.12 Строительные конструкции помещений для отопительно-вентиляционного и холодильного оборудования следует предусматривать с учетом использования в них грузоподъемных механизмов, согласно 10.7, при этом высота помещений от отметки чистого пола до низа выступающих конструкций перекрытий устанавливается заданием на проектирование не менее 2,2 м. В помещениях и на рабочих площадках ширину прохода между выступающими частями оборудования, а также между оборудованием и строительными конструкциями следует предусматривать с учетом выполнения монтажных и ремонтных работ, но не менее 0,7 м. Расстояние между оборудованием следует предусматривать, обеспечивая возможность демонтажа и последующего монтажа отдельных элементов оборудования с максимальными габаритами.;;;;;;;;;;;;;;;;;;;;
Укажите минимальную ширину прохода между выступающими частями оборудования в помещениях и на рабочих площадках, а также между оборудованием и строительными конструкциями (В формате 1,0 м);текстовый;;"0,7 м; 0.7 метра; 0.7 м;";СП 60.13330.2020, п.10.12 Строительные конструкции помещений для отопительно-вентиляционного и холодильного оборудования следует предусматривать с учетом использования в них грузоподъемных механизмов, согласно 10.7, при этом высота помещений от отметки чистого пола до низа выступающих конструкций перекрытий устанавливается заданием на проектирование не менее 2,2 м. В помещениях и на рабочих площадках ширину прохода между выступающими частями оборудования, а также между оборудованием и строительными конструкциями следует предусматривать с учетом выполнения монтажных и ремонтных работ, но не менее 0,7 м. Расстояние между оборудованием следует предусматривать, обеспечивая возможность демонтажа и последующего монтажа отдельных элементов оборудования с максимальными габаритами.;;;;;;;;;;;;;;;;;;;;
Для каких систем категорию электроснабжения необходимо предусматривать по 1 категории?;Несколько;"аварийной вентиляции ; систем воздушного отопления, совмещенных с приточной вентиляцией; систем противодымной вентиляции удаления газов и дыма после пожара; противодымной защиты ";"аварийной вентиляции ; противодымной защиты ";СП 60.13330.2020, п.11.1.3 Электроснабжение систем аварийной вентиляции и противодымной защиты, кроме систем для удаления газов и дыма после пожара следует предусматривать I категории. При невозможности по местным условиям осуществлять питание электроприемников I категории от двух независимых источников допускается осуществлять питание их от одного источника - от разных трансформаторов двухтрансформаторной подстанции или от двух близлежащих однотрансформаторных подстанций. При этом подстанции должны быть подключены к разным питающим линиям, проложенным по разным трассам, и иметь устройства автоматического ввода резерва на стороне низкого напряжения.;;;;;;;;;;;;;;;;;;;;
Какую категорию надежности электроснабжения цепей управления защиты от замораживания для приточных систем вентиляции с водяным подогревом следует обеспечить?;Один;"1 категорию; 2 категорию; нет требований";1 категорию;СП 60.13330.2020, п.11.1.4 Для приточных систем вентиляции с водяным подогревом электропитание цепей управления защиты от замораживания следует выполнять, обеспечивая I категорию надежности. Обеспечивать II категорию надежности электропитания следует при организации раздельного питания электропривода вентилятора и щита автоматизации приточной системы.;;;;;;;;;;;;;;;;;;;;
В каких режимах следует выполнять управление исполнительными элементами оборудованяи противодымной вентиляции?;Несколько;"в ручном; в дистанционном; в автоматическом";"в дистанционном; в автоматическом";"СП 60.13330.2020, п.11.2.2 Управление исполнительными элементами оборудования противодымной вентиляции должно осуществляться в автоматическом (от автоматической пожарной сигнализации или автоматических установок пожаротушения) и дистанционном (с пульта дежурной смены диспетчерского персонала и от кнопок, установленных у эвакуационных выходов с этажей или в пожарных шкафах) режимах.
Управляемое совместное действие систем регламентируется в зависимости от реальных пожароопасных ситуаций, определяемых местом возникновения пожара в здании, расположением горящего помещения на любом из его этажей. Заданная последовательность действия систем должна обеспечивать опережающее включение вытяжной противодымной вентиляции от 20 до 30 с относительно момента запуска приточной противодымной вентиляции. Необходимое сочетание совместно действующих систем и их суммарную установленную мощность, максимальное значение которой должно соответствовать одному из таких сочетаний, следует определять в зависимости от алгоритма управления противодымной вентиляцией, подлежащего обязательной разработке при проведении расчетов требуемых параметров согласно сводам правил по пожарной безопасности";;;;;;;;;;;;;;;;;;;;
Какие способы отключения систем вентиляции при пожаре возможно предусматривать?;Несколько;"централизованно, прекращая подачу электропитания на распределительные щиты систем вентиляции; индивидуально для каждой системы вентиляции; любой на усмотрение проектировщика";"централизованно, прекращая подачу электропитания на распределительные щиты систем вентиляции; индивидуально для каждой системы вентиляции";СП 60.13330.2020, п.11.2.3 Отключение систем вентиляции при пожаре следует выполнять централизованно, прекращая подачу электропитания на распределительные щиты систем вентиляции или индивидуально для каждой системы вентиляции. Отключение приточных систем с водяным подогревом при пожаре следует производить индивидуально для каждой системы с сохранением электропитания цепей защиты от замораживания. При невозможности сохранения питания цепей защиты от замораживания следует отключать только вентилятор - подачей сигнала от системы пожарной сигнализации в цепь дистанционного управления вентилятором приточной системы. При организации отключения вентилятора при пожаре с использованием автомата с независимым расцепителем должна проводиться проверка линии передачи сигнала на отключение.;;;;;;;;;;;;;;;;;;;;
Допускается ли в приточных системах в водяным нагревом при пожаре отключать только вентиляторы?;Один;"нет; да";да;СП 60.13330.2020, п.11.2.3 Отключение систем вентиляции при пожаре следует выполнять централизованно, прекращая подачу электропитания на распределительные щиты систем вентиляции или индивидуально для каждой системы вентиляции. Отключение приточных систем с водяным подогревом при пожаре следует производить индивидуально для каждой системы с сохранением электропитания цепей защиты от замораживания. При невозможности сохранения питания цепей защиты от замораживания следует отключать только вентилятор - подачей сигнала от системы пожарной сигнализации в цепь дистанционного управления вентилятором приточной системы. При организации отключения вентилятора при пожаре с использованием автомата с независимым расцепителем должна проводиться проверка линии передачи сигнала на отключение.;;;;;;;;;;;;;;;;;;;;
"Вставьт пропущенные фразы:
Противопожарные нормально закрытые, в т.ч. дымовые клапаны, дымовые люки, фонари, фрамуги и окна, а также противодымные экраны с опускающимися полотнами, предназначенные для противодымной защиты, должны иметь ______________ управление.";Один;"автоматическое и дистанционное; ручное и дитанционное; ручное и автоматическое";автоматическое и дистанционное;СП 60.13330.2020, п.11.2.5 Противопожарные нормально закрытые, в т.ч. дымовые клапаны, дымовые люки, фонари, фрамуги и окна, а также противодымные экраны с опускающимися полотнами, предназначенные для противодымной защиты, должны иметь автоматическое и дистанционное управление.;;;;;;;;;;;;;;;;;;;;
"Выберете верные утверждения:
Сигнализацию о работе оборудования (""Включено"", ""Авария"") следует предусматривать для систем:";Несколько;"вентиляции помещений без естественного проветривания (кроме санузлов, курительных, гардеробных и др.) производственных, административно-бытовых и общественных зданий; местных отсосов, удаляющих вредные вещества 2-го и 3-го классов опасности или взрывоопасные смеси; общеобменной вытяжной вентиляции помещений категорий Б и В1; вытяжной вентиляции помещений складов категорий А и Б, в которых допускается отклонение контролируемых параметров от нормы.; местных отсосов, удаляющих вредные вещества 1-го и 2-го классов опасности или взрывоопасные смеси; общеобменной вытяжной вентиляции помещений категорий А и Б; вытяжной вентиляции помещений складов категорий А и Б, в которых отклонение контролируемых параметров от нормы может привести к аварии.";"вентиляции помещений без естественного проветривания (кроме санузлов, курительных, гардеробных и др.) производственных, административно-бытовых и общественных зданий; вытяжной вентиляции помещений складов категорий А и Б, в которых допускается отклонение контролируемых параметров от нормы.; местных отсосов, удаляющих вредные вещества 1-го и 2-го классов опасности или взрывоопасные смеси; общеобменной вытяжной вентиляции помещений категорий А и Б; вытяжной вентиляции помещений складов категорий А и Б, в которых отклонение контролируемых параметров от нормы может привести к аварии.";"СП 60.13330.2020, п.11.2.11 Сигнализацию о работе оборудования (""Включено"", ""Авария"") следует предусматривать для систем:
- вентиляции помещений без естественного проветривания (кроме санузлов, курительных, гардеробных и др.) производственных, административно-бытовых и общественных зданий;
- местных отсосов, удаляющих вредные вещества 1-го и 2-го классов опасности или взрывоопасные смеси;
- общеобменной вытяжной вентиляции помещений категорий А и Б;
- вытяжной вентиляции помещений складов категорий А и Б, в которых отклонение контролируемых параметров от нормы может привести к аварии.";;;;;;;;;;;;;;;;;;;;
"Выберете верные утверждения:
Датчики контроля и регулирования параметров воздуха следует размещать";Несколько;"в характерных точках в обслуживаемой или рабочей зоне помещения в местах, независимо от воздействия нагретых или охлажденных поверхностей и струй приточного воздуха; в рециркуляционных (или вытяжных) воздуховодах, если параметры воздуха в них не отличаются от параметров воздуха в помещении или отличаются на постоянную величину; в характерных точках в обслуживаемой или рабочей зоне помещения в местах, где они не подвергаются влиянию нагретых или охлажденных поверхностей и струй приточного воздуха; в рециркуляционных (или вытяжных) воздуховодах, если параметры воздуха в них отличаются от параметров воздуха в помещении или отличаются на переменную величину.";"в рециркуляционных (или вытяжных) воздуховодах, если параметры воздуха в них не отличаются от параметров воздуха в помещении или отличаются на постоянную величину; в характерных точках в обслуживаемой или рабочей зоне помещения в местах, где они не подвергаются влиянию нагретых или охлажденных поверхностей и струй приточного воздуха;";"СП 60.13330.2020, п.11.2.14 Датчики контроля и регулирования параметров воздуха следует размещать:
а) в характерных точках в обслуживаемой или рабочей зоне помещения в местах, где они не подвергаются влиянию нагретых или охлажденных поверхностей и струй приточного воздуха;
б) в рециркуляционных (или вытяжных) воздуховодах, если параметры воздуха в них не отличаются от параметров воздуха в помещении или отличаются на постоянную величину.";;;;;;;;;;;;;;;;;;;;
"Верно ли следующее утверждение:
Для систем с переменным расходом наружного или приточного воздуха следует предусматривать блокировочные устройства для обеспечения минимального расхода наружного воздуха.";Один;"да; нет";да;СП 60.13330.2020, п.11.2.18 Для систем с переменным расходом наружного или приточного воздуха следует предусматривать блокировочные устройства для обеспечения минимального расхода наружного воздуха.;;;;;;;;;;;;;;;;;;;;
Какие мероприятия необходимо предусматривать при проектировании воздушно-теловых завес?;Несколько;"автоматическое отключение завесы после закрытия ворот, дверей или технологических проемов и восстановления нормируемой температуры воздуха помещения; включение воздушной завесы следует блокировать с открыванием ворот, дверей и технологических проемов; включение завесы при понижении заданной температуры воздуха в помещении у ворот, дверей и технологических проемов; автоматическую защиту от замерзания при испльзовании ВТЗ с водным теплоносителем";"автоматическое отключение завесы после закрытия ворот, дверей или технологических проемов и восстановления нормируемой температуры воздуха помещения; включение воздушной завесы следует блокировать с открыванием ворот, дверей и технологических проемов; включение завесы при понижении заданной температуры воздуха в помещении у ворот, дверей и технологических проемов; автоматическую защиту от замерзания при испльзовании ВТЗ с водным теплоносителем";"СП 60.13330.2020, п.11.2.20 ключение воздушной завесы следует блокировать с открыванием ворот, дверей и технологических проемов или предусматривать включение завесы при понижении заданной температуры воздуха в помещении у ворот, дверей и технологических проемов. Автоматическое отключение завесы следует предусматривать после закрытия ворот, дверей или технологических проемов и восстановления нормируемой температуры воздуха помещения, предусматривая сокращение расхода теплоносителя до минимального, обеспечивающего незамерзание воды.
При использовании систем с электровоздухонагревателями следует предусматривать защиту от перегрева воздухонагревателей.";;;;;;;;;;;;;;;;;;;;
"К каким зданиям относится следующее требование:
""Для отопительных приборов и трубопроводов на лестничных клетках и вестибюлях следует предусматривать защитные ограждения для отопительных приборов и тепловую изоляцию трубопроводов""";Один;"школьные организации; дошкольные организации; медицинские учреждения; жилые дома";дошкольные организации;"СП 60.13330.2020, п.14.4 Температура поверхности доступных частей отопительных приборов, воздухонагревателей, а также трубопроводов систем внутреннего теплоснабжения и отопления не должна превышать максимально допустимую по приложению Б с учетом назначения помещений в жилых, общественных, административных зданиях или категорий производственных помещений, в которых они размещены.
Для отопительных приборов и трубопроводов в зданиях дошкольных образовательных организаций, на лестничных клетках и вестибюлях следует предусматривать защитные ограждения для отопительных приборов и тепловую изоляцию трубопроводов.";;;;;;;;;;;;;;;;;;;;
Укажите минимальное расстояние (в свету) от поверхности трубопроводов, отопительных приборов и воздухонагревателей с теплоносителем температурой выше 100°C до поверхности конструкции из горючих материалов;Один;"50 мм ; 100 мм ; 150 мм ; 200 мм";100 мм;СП 60.13330.2020, п.14.9 Расстояние (в свету) от поверхности трубопроводов, отопительных приборов и воздухонагревателей с теплоносителем температурой выше 100°C до поверхности конструкции из горючих материалов следует принимать не менее 100 мм. При меньшем расстоянии следует предусматривать тепловую изоляцию поверхности этой конструкции из негорючих материалов.;;;;;;;;;;;;;;;;;;;;
Укажите максимальную температуру поверхности тепловой изоляции:;Один;"35град; 40 град; 45 град; 50 град";40 град;"СП 60.13330.2020, п.14.10 Тепловую изоляцию отопительно-вентиляционного оборудования, трубопроводов внутренних систем тепло- холодоснабжения, воздуховодов, дымоотводов и дымоходов следует предусматривать:
- для предупреждения ожогов;
- обеспечения допустимых потерь тепла (холода);
- исключения конденсации влаги;
- исключения замерзания теплоносителя в трубопроводах, прокладываемых в неотапливаемых помещениях или в искусственно охлаждаемых помещениях;
- обеспечения взрывопожаробезопасности.
Температура поверхности тепловой изоляции не должна превышать 40°C. 
Трубопроводы внутренних систем тепло- холодоснабжения, отопления, прокладываемые по территории встроенных подземных автостоянок, следует изолировать теплоизоляционными материалами группы горючести НГ или Г1.";;;;;;;;;;;;;;;;;;;;
Материалами какой группы горючести стоит изолировать трубопроводы внутренних систем тепло- холодоснабжения, отопления, прокладываемые по территории встроенных подземных автостоянок?;несколько;"Г3; Г2 ; Г1. ; НГ";"Г1; НГ";"СП 60.13330.2020, п.14.10 Тепловую изоляцию отопительно-вентиляционного оборудования, трубопроводов внутренних систем тепло- холодоснабжения, воздуховодов, дымоотводов и дымоходов следует предусматривать:
- для предупреждения ожогов;
- обеспечения допустимых потерь тепла (холода);
- исключения конденсации влаги;
- исключения замерзания теплоносителя в трубопроводах, прокладываемых в неотапливаемых помещениях или в искусственно охлаждаемых помещениях;
- обеспечения взрывопожаробезопасности.
Температура поверхности тепловой изоляции не должна превышать 40°C. 
Трубопроводы внутренних систем тепло- холодоснабжения, отопления, прокладываемые по территории встроенных подземных автостоянок, следует изолировать теплоизоляционными материалами группы горючести НГ или Г1.";;;;;;;;;;;;;;;;;;;;
Укажите срок службы отопительных приборов для общественных и административных зданий?;Один;"не менее 15 лет.; не менее 20 лет. ; не менее 25 лет.; не менее 30 лет";не менее 25 лет;"СП 60.13330.2020, п.14.11 Горячие поверхности отопительно-вентиляционного оборудования, трубопроводов, воздуховодов, дымоотводов и дымоходов, размещаемых в помещениях, в которых они создают опасность воспламенения газов, паров, аэрозолей или пыли, следует изолировать, предусматривая температуру на поверхности теплоизоляционной конструкции согласно 14.3.
Отопительно-вентиляционное оборудование, трубопроводы и воздуховоды не следует размещать в указанных помещениях, если отсутствует техническая возможность снижения температуры поверхности тепловой изоляции до указанного уровня.";;;;;;;;;;;;;;;;;;;;
В каких конструкциях не допускается применение встроенных нагревательных элементов?;Один;"в однослойных внутренних перегородках и наружных стенах.; в многослойных внутренних перегородках и наружных стенах. ; допускается во всех перечисленных случаях";в однослойных внутренних перегородках и наружных стенах.;"СП 60.13330.2020, п.14.17 Встроенные нагревательные элементы не допускается размещать в однослойных наружных или внутренних стенах и перегородках.
Встроенные нагревательные элементы водяного или электрического отопления допускается предусматривать в наружных многослойных стенах, а также в перекрытиях и полах.";;;;;;;;;;;;;;;;;;;;
Укажите среднюю температуру поверхности стен со встроенными нагревательными элементами в расчетных условиях;один;"35град.; 30град. ; 45 град. ; 40 град.";40 град.;"СП 60.13330.2020, п.14.18 Среднюю температуру поверхности строительных конструкций со встроенными нагревательными элементами в расчетных условиях следует принимать не выше, °C:
40 - для стен;
29 - для полов помещений с постоянным пребыванием людей;
23 - для полов зданий дошкольных образовательных организаций согласно СП 118.13330;
31 - для полов помещений с временным пребыванием людей, а также для обходных дорожек, скамей крытых плавательных бассейнов;";;;;;;;;;;;;;;;;;;;;
Укажите среднюю температуру поверхности пола со встроенными нагревательными элементами в расчетных условиях в дошкольных учреждениях;Один;"23 град. ; 25 град. ; 29 град.; 31 град.";23 град.;"СП 60.13330.2020, п.14.18 Среднюю температуру поверхности строительных конструкций со встроенными нагревательными элементами в расчетных условиях следует принимать не выше, °C:
40 - для стен;
29 - для полов помещений с постоянным пребыванием людей;
23 - для полов зданий дошкольных образовательных организаций согласно СП 118.13330;
31 - для полов помещений с временным пребыванием людей, а также для обходных дорожек, скамей крытых плавательных бассейнов;";;;;;;;;;;;;;;;;;;;;
Укажите среднюю температуру поверхности пола со встроенными нагревательными элементами в расчетных условиях в помещениях с постоянным пребыванием людей;Один;"23 град. ; 25 град. ; 29 град.; 31 град.";29 град.;"СП 60.13330.2020, п.14.18 Среднюю температуру поверхности строительных конструкций со встроенными нагревательными элементами в расчетных условиях следует принимать не выше, °C:
40 - для стен;
29 - для полов помещений с постоянным пребыванием людей;
23 - для полов зданий дошкольных образовательных организаций согласно СП 118.13330;
31 - для полов помещений с временным пребыванием людей, а также для обходных дорожек, скамей крытых плавательных бассейнов;";;;;;;;;;;;;;;;;;;;;
Укажите среднюю температуру поверхности пола со встроенными нагревательными элементами в расчетных условиях в помещениях с временным пребыванием людей;Один;"23 град. ; 25 град. ; 29 град.; 31 град.";31 град;"СП 60.13330.2020, п.14.18 Среднюю температуру поверхности строительных конструкций со встроенными нагревательными элементами в расчетных условиях следует принимать не выше, °C:
40 - для стен;
29 - для полов помещений с постоянным пребыванием людей;
23 - для полов зданий дошкольных образовательных организаций согласно СП 118.13330;
31 - для полов помещений с временным пребыванием людей, а также для обходных дорожек, скамей крытых плавательных бассейнов;";;;;;;;;;;;;;;;;;;;;
"Укажите допускаемые характеристики граничной зоны пола системы отопления ""теплый пол""";Один;"ширина 1 м и максимальная температура 35град.; ширина 0,5 м и максимальная температура 35град.; ширина 1,5 м и максимальная температура 40град.; ширина 1 м и максимальная температура 40град.";ширина 1 м и максимальная температура 35град.;СП 60.13330.2020, п.14.18 Допускается формирование граничных зон (вне зон постоянного пребывания людей) вдоль наружных ограждений шириной до 1 м с температурой поверхности пола до 35°C.;;;;;;;;;;;;;;;;;;;;
"Вставьте пропущенный фрагмент:
Трубопроводы в местах пересечения перекрытий следует прокладывать в ______ из негорючих материалов";текстовый;;"гильзах; гильзы; гильза";СП 60.13330.2020, п.14.24 Трубопроводы в местах пересечения перекрытий следует прокладывать в гильзах из негорючих материалов.;;;;;;;;;;;;;;;;;;;;
Укажите минимальную длину части гильзы, выступающей над уровнем чистого пола:;Один;"20 мм. ; 25 мм. ; 30 мм.; 35 мм.";30 мм.;СП 60.13330.2020, п.14.24 Трубопроводы в местах пересечения перекрытий следует прокладывать в гильзах из негорючих материалов. Края гильз должны быть на одном уровне с поверхностями потолков, и не менее чем на 30 мм выше поверхности чистого пола.;;;;;;;;;;;;;;;;;;;;
Какая документация должна использоваться в качестве основного документа при принятии решений об обеспечении безопасности зданий или сооружений и входящих в них инженерных систем на всех последующих этапах жизненного цикла здания или сооружения?;Один;"Рабочая. ; Проектная. ; Исполнительная.";Проектная;СП 60.13330.2020, п.16.3 Проектная документация должна использоваться в качестве основного документа при принятии решений об обеспечении безопасности зданий или сооружений и входящих в них инженерных систем на всех последующих этапах жизненного цикла здания или сооружения.;;;;;;;;;;;;;;;;;;;;
Укажите максимальное соотношение сторон для сторон воздуховодов прямоугольного или плоско-овального сечений:;Один;"1:3; 1:4; 1:5; 1:6";1:4;СП 60.13330.2020, Прил. К, п.К.1 Соотношение сторон для воздуховодов прямоугольного и плоско-овального сечения не должно превышать 1:4.;;;;;;;;;;;;;;;;;;;;
Укажите максимальную температуру перемещаемой среды, который перемещается по воздуховодам согласно требования пункта К.2 Приложения К СП 60.13330?;Один;"40 град. ; 60 град. ; 80 град.; 90 град.";80 град. ;СП 60.13330.2020, Прил. К, п.К.2 Толщину листовой стали для воздуховодов, по которым перемещается воздух температурой не выше 80°C;;;;;;;;;;;;;;;;;;;;
Укажите толщину листовой стали для круглых воздуховодов размером от 250 до 450 мм, по которым перемещается воздух температурой не выше 80 град.;Один;"не менее 0,5 мм.; не менее 0,6 мм. ; не менее 0,7 мм.; не менее 0,9 мм. ";не менее 0,6 мм.;СП 60.13330.2020, Прил. К, п.К.2;;;;;;;;;;;;;;;;;;;;
Укажите толщину листовой стали для круглых воздуховодов размером от 1400 до 1600 мм, по которым перемещается воздух температурой не выше 80 град.;Один;"не менее 0,9 мм.; не менее 1,0 мм. ; не менее 1,2 мм.; не менее 1,4 мм. ";не менее 1,2 мм.;СП 60.13330.2020, Прил. К, п.К.2;;;;;;;;;;;;;;;;;;;;
Укажите толщину листовой стали для воздуховодов прямоугольного сечения - размером большей стороны до 250 мм включительно, по которым перемещается воздух температурой не выше 80 град.;Один;"не менее 0,5 мм.; не менее 0,55 мм. ; не менее 0,6 мм.; не менее 0,7 мм. ";не менее 0,5 мм.;СП 60.13330.2020, Прил. К, п.К.2;;;;;;;;;;;;;;;;;;;;
Укажите толщину листовой стали для воздуховодов прямоугольного сечения - размером большей стороны от 1250 до 2000 мм, по которым перемещается воздух температурой не выше 80 град.;Один;"не менее 0,7 мм.; не менее 0,9 мм. ; не менее 1,0 мм.; не менее 1,2 мм. ";не менее 0,9 мм.;СП 60.13330.2020, Прил. К, п.К.2;;;;;;;;;;;;;;;;;;;;
Укажите рекомендуемые скорости движения воздуха в воздуховодах систем приточно-вытяжной вентиляции с механическим побуждением в обслуживаемой зоне жилых зданий:;Один;"1,5-2,5 м/с.; 2,5-3,5 м/с. ; 3,5-4,0 м/с. ";1,5-2,5 м/с.;СП 60.13330.2020, Прил. Л, п.Л.1;;;;;;;;;;;;;;;;;;;;
Укажите рекомендуемые скорости движения воздуха в воздуховодах систем приточно-вытяжной вентиляции с механическим побуждением для жилых зданий в коммуникационных шахтах вне обслуживаемых помещений и не смежных с ними:;Один;"2,5-3,5 м/с.; 3,5-4,0 м/с. ; 4,0-5,0 м/с. ";4,0-5,0 м/с.;СП 60.13330.2020, Прил. Л, п.Л.1;;;;;;;;;;;;;;;;;;;;
Укажите рекомендуемые скорости движения воздуха в воздуховодах систем приточно-вытяжной вентиляции с механическим побуждением в обслуживаемой зоне общественных зданий:;Один;"1,0-2,5 м/с.; 1,5-3,0 м/с. ; 3,0-4,0 м/с. ";1,5-3,0 м/с.;СП 60.13330.2020, Прил. Л, п.Л.2;;;;;;;;;;;;;;;;;;;;
Укажите рекомендуемые скорости движения воздуха в воздуховодах систем приточно-вытяжной вентиляции с механическим побуждением вне обслуживаемых помещений общественных зданий (коридоры, холлы, транзит через другие помещения без нахождения людей):;Один;"2,0-2,5 м/с.; 2,5-3,0 м/с. ; 3,0-4,0 м/с. ";3,0-4,0 м/с. ;СП 60.13330.2020, Прил. Л, п.Л.2;;;;;;;;;;;;;;;;;;;;
Укажите рекомендуемые средние скорости движения воздуха в воздуховодах систем вытяжной вентиляции с естественным побуждением в вытяжной выбросной шахте для жилых зданий:;Один;"до 1,5 м/с.; до 2,0 м/с. ; до 2,5 м/с. ";до 1,5 м/с.;СП 60.13330.2020, Прил. Л, п.Л.3;;;;;;;;;;;;;;;;;;;;
Укажите рекомендуемые средние скорости движения воздуха в воздуховодах систем приточной вентиляции с естественным побуждением для производственных зданий:;Один;"до 0,5 м/с. ; 0,5-1,0 м/с. ; 0,5-1,5 м/с. ";0,5-1,0 м/с. ;СП 60.13330.2020, Прил. Л, п.Л.4;;;;;;;;;;;;;;;;;;;;
Укажите рекомендуемые средние скорости движения воздуха в воздуховодах систем вытяжной вентиляции с механическим побуждением для производственных зданий:;Один;"3,0-6,0 м/с.; 3,5-7,0 м/с. ; 4,0-8,0 м/с. ";4,0-8,0 м/с.;СП 60.13330.2020, Прил. Л, п.Л.4;;;;;;;;;;;;;;;;;;;;
;;;;;;;;;;;;;;;;;;;;;;;;
;;;;;;;;;;;;;;;;;;;;;;;;
;;;;;;;;;;;;;;;;;;;;;;;;
;;;;;;;;;;;;;;;;;;;;;;;;
;;;;;;;;;;;;;;;;;;;;;;;;
;;;;;;;;;;;;;;;;;;;;;;;;
;;;;;;;;;;;;;;;;;;;;;;;;
;;;;;;;;;;;;;;;;;;;;;;;;
;;;;;;;;;;;;;;;;;;;;;;;;
;;;;;;;;;;;;;;;;;;;;;;;;
;;;;;;;;;;;;;;;;;;;;;;;;
;;;;;;;;;;;;;;;;;;;;;;;;
;;;;;;;;;;;;;;;;;;;;;;;;
;;;;;;;;;;;;;;;;;;;;;;;;
;;;;;;;;;;;;;;;;;;;;;;;;
;;;;;;;;;;;;;;;;;;;;;;;;
;;;;;;;;;;;;;;;;;;;;;;;;
;;;;;;;;;;;;;;;;;;;;;;;;
;;;;;;;;;;;;;;;;;;;;;;;;
;;;;;;;;;;;;;;;;;;;;;;;;
;;;;;;;;;;;;;;;;;;;;;;;;
;;;;;;;;;;;;;;;;;;;;;;;;
;;;;;;;;;;;;;;;;;;;;;;;;
;;;;;;;;;;;;;;;;;;;;;;;;
;;;;;;;;;;;;;;;;;;;;;;;;
;;;;;;;;;;;;;;;;;;;;;;;;
;;;;;;;;;;;;;;;;;;;;;;;;
;;;;;;;;;;;;;;;;;;;;;;;;
;;;;;;;;;;;;;;;;;;;;;;;;
;;;;;;;;;;;;;;;;;;;;;;;;
;;;;;;;;;;;;;;;;;;;;;;;;
;;;;;;;;;;;;;;;;;;;;;;;;
;;;;;;;;;;;;;;;;;;;;;;;;
;;;;;;;;;;;;;;;;;;;;;;;;
;;;;;;;;;;;;;;;;;;;;;;;;
;;;;;;;;;;;;;;;;;;;;;;;;
;;;;;;;;;;;;;;;;;;;;;;;;
;;;;;;;;;;;;;;;;;;;;;;;;
;;;;;;;;;;;;;;;;;;;;;;;;
;;;;;;;;;;;;;;;;;;;;;;;;
;;;;;;;;;;;;;;;;;;;;;;;;
;;;;;;;;;;;;;;;;;;;;;;;;
;;;;;;;;;;;;;;;;;;;;;;;;
;;;;;;;;;;;;;;;;;;;;;;;;
;;;;;;;;;;;;;;;;;;;;;;;;
;;;;;;;;;;;;;;;;;;;;;;;;
;;;;;;;;;;;;;;;;;;;;;;;;
;;;;;;;;;;;;;;;;;;;;;;;;
;;;;;;;;;;;;;;;;;;;;;;;;
;;;;;;;;;;;;;;;;;;;;;;;;
;;;;;;;;;;;;;;;;;;;;;;;;
;;;;;;;;;;;;;;;;;;;;;;;;
;;;;;;;;;;;;;;;;;;;;;;;;
;;;;;;;;;;;;;;;;;;;;;;;;
;;;;;;;;;;;;;;;;;;;;;;;;
;;;;;;;;;;;;;;;;;;;;;;;;
;;;;;;;;;;;;;;;;;;;;;;;;
;;;;;;;;;;;;;;;;;;;;;;;;
;;;;;;;;;;;;;;;;;;;;;;;;
;;;;;;;;;;;;;;;;;;;;;;;;
;;;;;;;;;;;;;;;;;;;;;;;;
;;;;;;;;;;;;;;;;;;;;;;;;
;;;;;;;;;;;;;;;;;;;;;;;;
;;;;;;;;;;;;;;;;;;;;;;;;
;;;;;;;;;;;;;;;;;;;;;;;;
;;;;;;;;;;;;;;;;;;;;;;;;
;;;;;;;;;;;;;;;;;;;;;;;;
;;;;;;;;;;;;;;;;;;;;;;;;
;;;;;;;;;;;;;;;;;;;;;;;;
;;;;;;;;;;;;;;;;;;;;;;;;
;;;;;;;;;;;;;;;;;;;;;;;;
;;;;;;;;;;;;;;;;;;;;;;;;
;;;;;;;;;;;;;;;;;;;;;;;;
;;;;;;;;;;;;;;;;;;;;;;;;
;;;;;;;;;;;;;;;;;;;;;;;;
;;;;;;;;;;;;;;;;;;;;;;;;
;;;;;;;;;;;;;;;;;;;;;;;;
;;;;;;;;;;;;;;;;;;;;;;;;
;;;;;;;;;;;;;;;;;;;;;;;;
;;;;;;;;;;;;;;;;;;;;;;;;
;;;;;;;;;;;;;;;;;;;;;;;;
;;;;;;;;;;;;;;;;;;;;;;;;
;;;;;;;;;;;;;;;;;;;;;;;;
;;;;;;;;;;;;;;;;;;;;;;;;
;;;;;;;;;;;;;;;;;;;;;;;;
;;;;;;;;;;;;;;;;;;;;;;;;
;;;;;;;;;;;;;;;;;;;;;;;;
;;;;;;;;;;;;;;;;;;;;;;;;
;;;;;;;;;;;;;;;;;;;;;;;;
;;;;;;;;;;;;;;;;;;;;;;;;
;;;;;;;;;;;;;;;;;;;;;;;;
;;;;;;;;;;;;;;;;;;;;;;;;
;;;;;;;;;;;;;;;;;;;;;;;;
;;;;;;;;;;;;;;;;;;;;;;;;
;;;;;;;;;;;;;;;;;;;;;;;;
;;;;;;;;;;;;;;;;;;;;;;;;
;;;;;;;;;;;;;;;;;;;;;;;;
;;;;;;;;;;;;;;;;;;;;;;;;
;;;;;;;;;;;;;;;;;;;;;;;;
;;;;;;;;;;;;;;;;;;;;;;;;
;;;;;;;;;;;;;;;;;;;;;;;;
;;;;;;;;;;;;;;;;;;;;;;;;
;;;;;;;;;;;;;;;;;;;;;;;;
;;;;;;;;;;;;;;;;;;;;;;;;
;;;;;;;;;;;;;;;;;;;;;;;;
;;;;;;;;;;;;;;;;;;;;;;;;
;;;;;;;;;;;;;;;;;;;;;;;;
;;;;;;;;;;;;;;;;;;;;;;;;
;;;;;;;;;;;;;;;;;;;;;;;;
;;;;;;;;;;;;;;;;;;;;;;;;
;;;;;;;;;;;;;;;;;;;;;;;;
;;;;;;;;;;;;;;;;;;;;;;;;
;;;;;;;;;;;;;;;;;;;;;;;;
;;;;;;;;;;;;;;;;;;;;;;;;
;;;;;;;;;;;;;;;;;;;;;;;;
;;;;;;;;;;;;;;;;;;;;;;;;
;;;;;;;;;;;;;;;;;;;;;;;;
;;;;;;;;;;;;;;;;;;;;;;;;
;;;;;;;;;;;;;;;;;;;;;;;;
;;;;;;;;;;;;;;;;;;;;;;;;
;;;;;;;;;;;;;;;;;;;;;;;;
;;;;;;;;;;;;;;;;;;;;;;;;
;;;;;;;;;;;;;;;;;;;;;;;;
;;;;;;;;;;;;;;;;;;;;;;;;
;;;;;;;;;;;;;;;;;;;;;;;;
;;;;;;;;;;;;;;;;;;;;;;;;
;;;;;;;;;;;;;;;;;;;;;;;;
;;;;;;;;;;;;;;;;;;;;;;;;
;;;;;;;;;;;;;;;;;;;;;;;;
;;;;;;;;;;;;;;;;;;;;;;;;
;;;;;;;;;;;;;;;;;;;;;;;;
;;;;;;;;;;;;;;;;;;;;;;;;
;;;;;;;;;;;;;;;;;;;;;;;;
;;;;;;;;;;;;;;;;;;;;;;;;
;;;;;;;;;;;;;;;;;;;;;;;;
;;;;;;;;;;;;;;;;;;;;;;;;
;;;;;;;;;;;;;;;;;;;;;;;;
;;;;;;;;;;;;;;;;;;;;;;;;
;;;;;;;;;;;;;;;;;;;;;;;;
;;;;;;;;;;;;;;;;;;;;;;;;
;;;;;;;;;;;;;;;;;;;;;;;;
;;;;;;;;;;;;;;;;;;;;;;;;
;;;;;;;;;;;;;;;;;;;;;;;;
;;;;;;;;;;;;;;;;;;;;;;;;
;;;;;;;;;;;;;;;;;;;;;;;;
;;;;;;;;;;;;;;;;;;;;;;;;
;;;;;;;;;;;;;;;;;;;;;;;;
;;;;;;;;;;;;;;;;;;;;;;;;
;;;;;;;;;;;;;;;;;;;;;;;;
;;;;;;;;;;;;;;;;;;;;;;;;
;;;;;;;;;;;;;;;;;;;;;;;;
;;;;;;;;;;;;;;;;;;;;;;;;
;;;;;;;;;;;;;;;;;;;;;;;;
;;;;;;;;;;;;;;;;;;;;;;;;
;;;;;;;;;;;;;;;;;;;;;;;;
;;;;;;;;;;;;;;;;;;;;;;;;
;;;;;;;;;;;;;;;;;;;;;;;;
;;;;;;;;;;;;;;;;;;;;;;;;
;;;;;;;;;;;;;;;;;;;;;;;;
;;;;;;;;;;;;;;;;;;;;;;;;
;;;;;;;;;;;;;;;;;;;;;;;;
;;;;;;;;;;;;;;;;;;;;;;;;
;;;;;;;;;;;;;;;;;;;;;;;;
;;;;;;;;;;;;;;;;;;;;;;;;
;;;;;;;;;;;;;;;;;;;;;;;;
;;;;;;;;;;;;;;;;;;;;;;;;
;;;;;;;;;;;;;;;;;;;;;;;;
;;;;;;;;;;;;;;;;;;;;;;;;
;;;;;;;;;;;;;;;;;;;;;;;;
;;;;;;;;;;;;;;;;;;;;;;;;
;;;;;;;;;;;;;;;;;;;;;;;;
;;;;;;;;;;;;;;;;;;;;;;;;
;;;;;;;;;;;;;;;;;;;;;;;;
;;;;;;;;;;;;;;;;;;;;;;;;
;;;;;;;;;;;;;;;;;;;;;;;;
;;;;;;;;;;;;;;;;;;;;;;;;
;;;;;;;;;;;;;;;;;;;;;;;;
;;;;;;;;;;;;;;;;;;;;;;;;
;;;;;;;;;;;;;;;;;;;;;;;;
;;;;;;;;;;;;;;;;;;;;;;;;
;;;;;;;;;;;;;;;;;;;;;;;;
;;;;;;;;;;;;;;;;;;;;;;;;
;;;;;;;;;;;;;;;;;;;;;;;;
;;;;;;;;;;;;;;;;;;;;;;;;
;;;;;;;;;;;;;;;;;;;;;;;;
;;;;;;;;;;;;;;;;;;;;;;;;
;;;;;;;;;;;;;;;;;;;;;;;;
;;;;;;;;;;;;;;;;;;;;;;;;
;;;;;;;;;;;;;;;;;;;;;;;;
;;;;;;;;;;;;;;;;;;;;;;;;
;;;;;;;;;;;;;;;;;;;;;;;;
;;;;;;;;;;;;;;;;;;;;;;;;
;;;;;;;;;;;;;;;;;;;;;;;;
;;;;;;;;;;;;;;;;;;;;;;;;
;;;;;;;;;;;;;;;;;;;;;;;;
;;;;;;;;;;;;;;;;;;;;;;;;
;;;;;;;;;;;;;;;;;;;;;;;;
;;;;;;;;;;;;;;;;;;;;;;;;
;;;;;;;;;;;;;;;;;;;;;;;;
;;;;;;;;;;;;;;;;;;;;;;;;
;;;;;;;;;;;;;;;;;;;;;;;;
;;;;;;;;;;;;;;;;;;;;;;;;
;;;;;;;;;;;;;;;;;;;;;;;;
;;;;;;;;;;;;;;;;;;;;;;;;
;;;;;;;;;;;;;;;;;;;;;;;;
;;;;;;;;;;;;;;;;;;;;;;;;
;;;;;;;;;;;;;;;;;;;;;;;;
;;;;;;;;;;;;;;;;;;;;;;;;
;;;;;;;;;;;;;;;;;;;;;;;;
;;;;;;;;;;;;;;;;;;;;;;;;
;;;;;;;;;;;;;;;;;;;;;;;;
;;;;;;;;;;;;;;;;;;;;;;;;
;;;;;;;;;;;;;;;;;;;;;;;;
;;;;;;;;;;;;;;;;;;;;;;;;
;;;;;;;;;;;;;;;;;;;;;;;;
;;;;;;;;;;;;;;;;;;;;;;;;
;;;;;;;;;;;;;;;;;;;;;;;;
;;;;;;;;;;;;;;;;;;;;;;;;
;;;;;;;;;;;;;;;;;;;;;;;;
;;;;;;;;;;;;;;;;;;;;;;;;
;;;;;;;;;;;;;;;;;;;;;;;;
;;;;;;;;;;;;;;;;;;;;;;;;
;;;;;;;;;;;;;;;;;;;;;;;;
;;;;;;;;;;;;;;;;;;;;;;;;
;;;;;;;;;;;;;;;;;;;;;;;;
;;;;;;;;;;;;;;;;;;;;;;;;
;;;;;;;;;;;;;;;;;;;;;;;;
;;;;;;;;;;;;;;;;;;;;;;;;
;;;;;;;;;;;;;;;;;;;;;;;;
;;;;;;;;;;;;;;;;;;;;;;;;
;;;;;;;;;;;;;;;;;;;;;;;;
;;;;;;;;;;;;;;;;;;;;;;;;
;;;;;;;;;;;;;;;;;;;;;;;;
;;;;;;;;;;;;;;;;;;;;;;;;
;;;;;;;;;;;;;;;;;;;;;;;;
;;;;;;;;;;;;;;;;;;;;;;;;
;;;;;;;;;;;;;;;;;;;;;;;;
;;;;;;;;;;;;;;;;;;;;;;;;
;;;;;;;;;;;;;;;;;;;;;;;;
;;;;;;;;;;;;;;;;;;;;;;;;
;;;;;;;;;;;;;;;;;;;;;;;;
;;;;;;;;;;;;;;;;;;;;;;;;
;;;;;;;;;;;;;;;;;;;;;;;;
;;;;;;;;;;;;;;;;;;;;;;;;
;;;;;;;;;;;;;;;;;;;;;;;;
;;;;;;;;;;;;;;;;;;;;;;;;
;;;;;;;;;;;;;;;;;;;;;;;;
;;;;;;;;;;;;;;;;;;;;;;;;
;;;;;;;;;;;;;;;;;;;;;;;;
;;;;;;;;;;;;;;;;;;;;;;;;
;;;;;;;;;;;;;;;;;;;;;;;;
;;;;;;;;;;;;;;;;;;;;;;;;
;;;;;;;;;;;;;;;;;;;;;;;;
;;;;;;;;;;;;;;;;;;;;;;;;
;;;;;;;;;;;;;;;;;;;;;;;;
;;;;;;;;;;;;;;;;;;;;;;;;
;;;;;;;;;;;;;;;;;;;;;;;;
;;;;;;;;;;;;;;;;;;;;;;;;
;;;;;;;;;;;;;;;;;;;;;;;;
;;;;;;;;;;;;;;;;;;;;;;;;
;;;;;;;;;;;;;;;;;;;;;;;;
;;;;;;;;;;;;;;;;;;;;;;;;
;;;;;;;;;;;;;;;;;;;;;;;;
;;;;;;;;;;;;;;;;;;;;;;;;
;;;;;;;;;;;;;;;;;;;;;;;;
;;;;;;;;;;;;;;;;;;;;;;;;
;;;;;;;;;;;;;;;;;;;;;;;;
;;;;;;;;;;;;;;;;;;;;;;;;
;;;;;;;;;;;;;;;;;;;;;;;;
;;;;;;;;;;;;;;;;;;;;;;;;
;;;;;;;;;;;;;;;;;;;;;;;;
;;;;;;;;;;;;;;;;;;;;;;;;
;;;;;;;;;;;;;;;;;;;;;;;;
;;;;;;;;;;;;;;;;;;;;;;;;
;;;;;;;;;;;;;;;;;;;;;;;;
;;;;;;;;;;;;;;;;;;;;;;;;
;;;;;;;;;;;;;;;;;;;;;;;;
;;;;;;;;;;;;;;;;;;;;;;;;
;;;;;;;;;;;;;;;;;;;;;;;;
;;;;;;;;;;;;;;;;;;;;;;;;
;;;;;;;;;;;;;;;;;;;;;;;;
;;;;;;;;;;;;;;;;;;;;;;;;
;;;;;;;;;;;;;;;;;;;;;;;;
;;;;;;;;;;;;;;;;;;;;;;;;
;;;;;;;;;;;;;;;;;;;;;;;;
;;;;;;;;;;;;;;;;;;;;;;;;
;;;;;;;;;;;;;;;;;;;;;;;;
;;;;;;;;;;;;;;;;;;;;;;;;
;;;;;;;;;;;;;;;;;;;;;;;;
;;;;;;;;;;;;;;;;;;;;;;;;
;;;;;;;;;;;;;;;;;;;;;;;;
;;;;;;;;;;;;;;;;;;;;;;;;
;;;;;;;;;;;;;;;;;;;;;;;;
;;;;;;;;;;;;;;;;;;;;;;;;
;;;;;;;;;;;;;;;;;;;;;;;;
;;;;;;;;;;;;;;;;;;;;;;;;
;;;;;;;;;;;;;;;;;;;;;;;;
;;;;;;;;;;;;;;;;;;;;;;;;
;;;;;;;;;;;;;;;;;;;;;;;;
;;;;;;;;;;;;;;;;;;;;;;;;
;;;;;;;;;;;;;;;;;;;;;;;;
;;;;;;;;;;;;;;;;;;;;;;;;
;;;;;;;;;;;;;;;;;;;;;;;;
;;;;;;;;;;;;;;;;;;;;;;;;
;;;;;;;;;;;;;;;;;;;;;;;;
;;;;;;;;;;;;;;;;;;;;;;;;
;;;;;;;;;;;;;;;;;;;;;;;;
;;;;;;;;;;;;;;;;;;;;;;;;
;;;;;;;;;;;;;;;;;;;;;;;;
;;;;;;;;;;;;;;;;;;;;;;;;
;;;;;;;;;;;;;;;;;;;;;;;;
;;;;;;;;;;;;;;;;;;;;;;;;
;;;;;;;;;;;;;;;;;;;;;;;;
;;;;;;;;;;;;;;;;;;;;;;;;
;;;;;;;;;;;;;;;;;;;;;;;;
;;;;;;;;;;;;;;;;;;;;;;;;
;;;;;;;;;;;;;;;;;;;;;;;;
;;;;;;;;;;;;;;;;;;;;;;;;
;;;;;;;;;;;;;;;;;;;;;;;;
;;;;;;;;;;;;;;;;;;;;;;;;
;;;;;;;;;;;;;;;;;;;;;;;;
;;;;;;;;;;;;;;;;;;;;;;;;
;;;;;;;;;;;;;;;;;;;;;;;;
;;;;;;;;;;;;;;;;;;;;;;;;
;;;;;;;;;;;;;;;;;;;;;;;;
;;;;;;;;;;;;;;;;;;;;;;;;
;;;;;;;;;;;;;;;;;;;;;;;;
;;;;;;;;;;;;;;;;;;;;;;;;
;;;;;;;;;;;;;;;;;;;;;;;;
;;;;;;;;;;;;;;;;;;;;;;;;
;;;;;;;;;;;;;;;;;;;;;;;;
;;;;;;;;;;;;;;;;;;;;;;;;
;;;;;;;;;;;;;;;;;;;;;;;;
;;;;;;;;;;;;;;;;;;;;;;;;
;;;;;;;;;;;;;;;;;;;;;;;;
;;;;;;;;;;;;;;;;;;;;;;;;
;;;;;;;;;;;;;;;;;;;;;;;;
;;;;;;;;;;;;;;;;;;;;;;;;
;;;;;;;;;;;;;;;;;;;;;;;;
;;;;;;;;;;;;;;;;;;;;;;;;
;;;;;;;;;;;;;;;;;;;;;;;;
;;;;;;;;;;;;;;;;;;;;;;;;
;;;;;;;;;;;;;;;;;;;;;;;;
;;;;;;;;;;;;;;;;;;;;;;;;
;;;;;;;;;;;;;;;;;;;;;;;;
;;;;;;;;;;;;;;;;;;;;;;;;
;;;;;;;;;;;;;;;;;;;;;;;;
;;;;;;;;;;;;;;;;;;;;;;;;
;;;;;;;;;;;;;;;;;;;;;;;;
;;;;;;;;;;;;;;;;;;;;;;;;
;;;;;;;;;;;;;;;;;;;;;;;;
;;;;;;;;;;;;;;;;;;;;;;;;
;;;;;;;;;;;;;;;;;;;;;;;;
;;;;;;;;;;;;;;;;;;;;;;;;
;;;;;;;;;;;;;;;;;;;;;;;;
;;;;;;;;;;;;;;;;;;;;;;;;
;;;;;;;;;;;;;;;;;;;;;;;;
;;;;;;;;;;;;;;;;;;;;;;;;
;;;;;;;;;;;;;;;;;;;;;;;;
;;;;;;;;;;;;;;;;;;;;;;;;
;;;;;;;;;;;;;;;;;;;;;;;;
;;;;;;;;;;;;;;;;;;;;;;;;
;;;;;;;;;;;;;;;;;;;;;;;;
;;;;;;;;;;;;;;;;;;;;;;;;
;;;;;;;;;;;;;;;;;;;;;;;;
;;;;;;;;;;;;;;;;;;;;;;;;
;;;;;;;;;;;;;;;;;;;;;;;;
;;;;;;;;;;;;;;;;;;;;;;;;
;;;;;;;;;;;;;;;;;;;;;;;;
;;;;;;;;;;;;;;;;;;;;;;;;
;;;;;;;;;;;;;;;;;;;;;;;;
;;;;;;;;;;;;;;;;;;;;;;;;
;;;;;;;;;;;;;;;;;;;;;;;;
;;;;;;;;;;;;;;;;;;;;;;;;
;;;;;;;;;;;;;;;;;;;;;;;;
;;;;;;;;;;;;;;;;;;;;;;;;
;;;;;;;;;;;;;;;;;;;;;;;;
;;;;;;;;;;;;;;;;;;;;;;;;
;;;;;;;;;;;;;;;;;;;;;;;;
;;;;;;;;;;;;;;;;;;;;;;;;
;;;;;;;;;;;;;;;;;;;;;;;;
;;;;;;;;;;;;;;;;;;;;;;;;
;;;;;;;;;;;;;;;;;;;;;;;;
;;;;;;;;;;;;;;;;;;;;;;;;
;;;;;;;;;;;;;;;;;;;;;;;;
;;;;;;;;;;;;;;;;;;;;;;;;
;;;;;;;;;;;;;;;;;;;;;;;;
;;;;;;;;;;;;;;;;;;;;;;;;
;;;;;;;;;;;;;;;;;;;;;;;;
;;;;;;;;;;;;;;;;;;;;;;;;
;;;;;;;;;;;;;;;;;;;;;;;;
;;;;;;;;;;;;;;;;;;;;;;;;
;;;;;;;;;;;;;;;;;;;;;;;;
;;;;;;;;;;;;;;;;;;;;;;;;
;;;;;;;;;;;;;;;;;;;;;;;;
;;;;;;;;;;;;;;;;;;;;;;;;
;;;;;;;;;;;;;;;;;;;;;;;;
;;;;;;;;;;;;;;;;;;;;;;;;
;;;;;;;;;;;;;;;;;;;;;;;;
;;;;;;;;;;;;;;;;;;;;;;;;
;;;;;;;;;;;;;;;;;;;;;;;;
;;;;;;;;;;;;;;;;;;;;;;;;
;;;;;;;;;;;;;;;;;;;;;;;;
;;;;;;;;;;;;;;;;;;;;;;;;
;;;;;;;;;;;;;;;;;;;;;;;;
;;;;;;;;;;;;;;;;;;;;;;;;
;;;;;;;;;;;;;;;;;;;;;;;;
;;;;;;;;;;;;;;;;;;;;;;;;
;;;;;;;;;;;;;;;;;;;;;;;;
;;;;;;;;;;;;;;;;;;;;;;;;
;;;;;;;;;;;;;;;;;;;;;;;;
;;;;;;;;;;;;;;;;;;;;;;;;
;;;;;;;;;;;;;;;;;;;;;;;;
;;;;;;;;;;;;;;;;;;;;;;;;
;;;;;;;;;;;;;;;;;;;;;;;;
;;;;;;;;;;;;;;;;;;;;;;;;
;;;;;;;;;;;;;;;;;;;;;;;;
;;;;;;;;;;;;;;;;;;;;;;;;
;;;;;;;;;;;;;;;;;;;;;;;;
;;;;;;;;;;;;;;;;;;;;;;;;
;;;;;;;;;;;;;;;;;;;;;;;;
;;;;;;;;;;;;;;;;;;;;;;;;
;;;;;;;;;;;;;;;;;;;;;;;;
;;;;;;;;;;;;;;;;;;;;;;;;
;;;;;;;;;;;;;;;;;;;;;;;;
;;;;;;;;;;;;;;;;;;;;;;;;
;;;;;;;;;;;;;;;;;;;;;;;;
;;;;;;;;;;;;;;;;;;;;;;;;
;;;;;;;;;;;;;;;;;;;;;;;;
;;;;;;;;;;;;;;;;;;;;;;;;
;;;;;;;;;;;;;;;;;;;;;;;;
;;;;;;;;;;;;;;;;;;;;;;;;
;;;;;;;;;;;;;;;;;;;;;;;;
;;;;;;;;;;;;;;;;;;;;;;;;
;;;;;;;;;;;;;;;;;;;;;;;;
;;;;;;;;;;;;;;;;;;;;;;;;
;;;;;;;;;;;;;;;;;;;;;;;;
;;;;;;;;;;;;;;;;;;;;;;;;
;;;;;;;;;;;;;;;;;;;;;;;;
;;;;;;;;;;;;;;;;;;;;;;;;
;;;;;;;;;;;;;;;;;;;;;;;;
;;;;;;;;;;;;;;;;;;;;;;;;
;;;;;;;;;;;;;;;;;;;;;;;;
;;;;;;;;;;;;;;;;;;;;;;;;
;;;;;;;;;;;;;;;;;;;;;;;;
;;;;;;;;;;;;;;;;;;;;;;;;
;;;;;;;;;;;;;;;;;;;;;;;;
;;;;;;;;;;;;;;;;;;;;;;;;
;;;;;;;;;;;;;;;;;;;;;;;;
;;;;;;;;;;;;;;;;;;;;;;;;
;;;;;;;;;;;;;;;;;;;;;;;;
;;;;;;;;;;;;;;;;;;;;;;;;
;;;;;;;;;;;;;;;;;;;;;;;;
;;;;;;;;;;;;;;;;;;;;;;;;
;;;;;;;;;;;;;;;;;;;;;;;;
;;;;;;;;;;;;;;;;;;;;;;;;
;;;;;;;;;;;;;;;;;;;;;;;;
;;;;;;;;;;;;;;;;;;;;;;;;
;;;;;;;;;;;;;;;;;;;;;;;;
;;;;;;;;;;;;;;;;;;;;;;;;
;;;;;;;;;;;;;;;;;;;;;;;;
;;;;;;;;;;;;;;;;;;;;;;;;
;;;;;;;;;;;;;;;;;;;;;;;;
;;;;;;;;;;;;;;;;;;;;;;;;
;;;;;;;;;;;;;;;;;;;;;;;;
;;;;;;;;;;;;;;;;;;;;;;;;
;;;;;;;;;;;;;;;;;;;;;;;;
;;;;;;;;;;;;;;;;;;;;;;;;
;;;;;;;;;;;;;;;;;;;;;;;;
;;;;;;;;;;;;;;;;;;;;;;;;
;;;;;;;;;;;;;;;;;;;;;;;;
;;;;;;;;;;;;;;;;;;;;;;;;
;;;;;;;;;;;;;;;;;;;;;;;;
;;;;;;;;;;;;;;;;;;;;;;;;
;;;;;;;;;;;;;;;;;;;;;;;;
;;;;;;;;;;;;;;;;;;;;;;;;
;;;;;;;;;;;;;;;;;;;;;;;;
;;;;;;;;;;;;;;;;;;;;;;;;
;;;;;;;;;;;;;;;;;;;;;;;;
;;;;;;;;;;;;;;;;;;;;;;;;
;;;;;;;;;;;;;;;;;;;;;;;;
;;;;;;;;;;;;;;;;;;;;;;;;
;;;;;;;;;;;;;;;;;;;;;;;;
;;;;;;;;;;;;;;;;;;;;;;;;
;;;;;;;;;;;;;;;;;;;;;;;;
;;;;;;;;;;;;;;;;;;;;;;;;
;;;;;;;;;;;;;;;;;;;;;;;;
;;;;;;;;;;;;;;;;;;;;;;;;
;;;;;;;;;;;;;;;;;;;;;;;;
;;;;;;;;;;;;;;;;;;;;;;;;
;;;;;;;;;;;;;;;;;;;;;;;;
;;;;;;;;;;;;;;;;;;;;;;;;
;;;;;;;;;;;;;;;;;;;;;;;;
;;;;;;;;;;;;;;;;;;;;;;;;
;;;;;;;;;;;;;;;;;;;;;;;;
;;;;;;;;;;;;;;;;;;;;;;;;
;;;;;;;;;;;;;;;;;;;;;;;;
;;;;;;;;;;;;;;;;;;;;;;;;
;;;;;;;;;;;;;;;;;;;;;;;;
;;;;;;;;;;;;;;;;;;;;;;;;
;;;;;;;;;;;;;;;;;;;;;;;;
;;;;;;;;;;;;;;;;;;;;;;;;
;;;;;;;;;;;;;;;;;;;;;;;;
;;;;;;;;;;;;;;;;;;;;;;;;
;;;;;;;;;;;;;;;;;;;;;;;;
;;;;;;;;;;;;;;;;;;;;;;;;
;;;;;;;;;;;;;;;;;;;;;;;;
;;;;;;;;;;;;;;;;;;;;;;;;
;;;;;;;;;;;;;;;;;;;;;;;;
;;;;;;;;;;;;;;;;;;;;;;;;
;;;;;;;;;;;;;;;;;;;;;;;;
;;;;;;;;;;;;;;;;;;;;;;;;
;;;;;;;;;;;;;;;;;;;;;;;;
;;;;;;;;;;;;;;;;;;;;;;;;
;;;;;;;;;;;;;;;;;;;;;;;;
;;;;;;;;;;;;;;;;;;;;;;;;
;;;;;;;;;;;;;;;;;;;;;;;;
;;;;;;;;;;;;;;;;;;;;;;;;
;;;;;;;;;;;;;;;;;;;;;;;;
;;;;;;;;;;;;;;;;;;;;;;;;
;;;;;;;;;;;;;;;;;;;;;;;;
;;;;;;;;;;;;;;;;;;;;;;;;
;;;;;;;;;;;;;;;;;;;;;;;;
;;;;;;;;;;;;;;;;;;;;;;;;
;;;;;;;;;;;;;;;;;;;;;;;;
;;;;;;;;;;;;;;;;;;;;;;;;
;;;;;;;;;;;;;;;;;;;;;;;;
;;;;;;;;;;;;;;;;;;;;;;;;
;;;;;;;;;;;;;;;;;;;;;;;;
;;;;;;;;;;;;;;;;;;;;;;;;
;;;;;;;;;;;;;;;;;;;;;;;;
;;;;;;;;;;;;;;;;;;;;;;;;
;;;;;;;;;;;;;;;;;;;;;;;;
;;;;;;;;;;;;;;;;;;;;;;;;
;;;;;;;;;;;;;;;;;;;;;;;;
;;;;;;;;;;;;;;;;;;;;;;;;
;;;;;;;;;;;;;;;;;;;;;;;;
;;;;;;;;;;;;;;;;;;;;;;;;
;;;;;;;;;;;;;;;;;;;;;;;;
;;;;;;;;;;;;;;;;;;;;;;;;
;;;;;;;;;;;;;;;;;;;;;;;;
;;;;;;;;;;;;;;;;;;;;;;;;
;;;;;;;;;;;;;;;;;;;;;;;;
;;;;;;;;;;;;;;;;;;;;;;;;
;;;;;;;;;;;;;;;;;;;;;;;;
;;;;;;;;;;;;;;;;;;;;;;;;
;;;;;;;;;;;;;;;;;;;;;;;;
;;;;;;;;;;;;;;;;;;;;;;;;
;;;;;;;;;;;;;;;;;;;;;;;;
;;;;;;;;;;;;;;;;;;;;;;;;
;;;;;;;;;;;;;;;;;;;;;;;;
;;;;;;;;;;;;;;;;;;;;;;;;
;;;;;;;;;;;;;;;;;;;;;;;;
;;;;;;;;;;;;;;;;;;;;;;;;
;;;;;;;;;;;;;;;;;;;;;;;;
;;;;;;;;;;;;;;;;;;;;;;;;
;;;;;;;;;;;;;;;;;;;;;;;;
;;;;;;;;;;;;;;;;;;;;;;;;
;;;;;;;;;;;;;;;;;;;;;;;;
;;;;;;;;;;;;;;;;;;;;;;;;
;;;;;;;;;;;;;;;;;;;;;;;;
;;;;;;;;;;;;;;;;;;;;;;;;
;;;;;;;;;;;;;;;;;;;;;;;;
;;;;;;;;;;;;;;;;;;;;;;;;
;;;;;;;;;;;;;;;;;;;;;;;;
;;;;;;;;;;;;;;;;;;;;;;;;
;;;;;;;;;;;;;;;;;;;;;;;;
;;;;;;;;;;;;;;;;;;;;;;;;
;;;;;;;;;;;;;;;;;;;;;;;;
;;;;;;;;;;;;;;;;;;;;;;;;
;;;;;;;;;;;;;;;;;;;;;;;;
;;;;;;;;;;;;;;;;;;;;;;;;
;;;;;;;;;;;;;;;;;;;;;;;;
;;;;;;;;;;;;;;;;;;;;;;;;
;;;;;;;;;;;;;;;;;;;;;;;;
;;;;;;;;;;;;;;;;;;;;;;;;
;;;;;;;;;;;;;;;;;;;;;;;;
;;;;;;;;;;;;;;;;;;;;;;;;
;;;;;;;;;;;;;;;;;;;;;;;;
;;;;;;;;;;;;;;;;;;;;;;;;
;;;;;;;;;;;;;;;;;;;;;;;;
;;;;;;;;;;;;;;;;;;;;;;;;
;;;;;;;;;;;;;;;;;;;;;;;;
;;;;;;;;;;;;;;;;;;;;;;;;
;;;;;;;;;;;;;;;;;;;;;;;;
;;;;;;;;;;;;;;;;;;;;;;;;
;;;;;;;;;;;;;;;;;;;;;;;;
;;;;;;;;;;;;;;;;;;;;;;;;
;;;;;;;;;;;;;;;;;;;;;;;;
;;;;;;;;;;;;;;;;;;;;;;;;
;;;;;;;;;;;;;;;;;;;;;;;;
;;;;;;;;;;;;;;;;;;;;;;;;
;;;;;;;;;;;;;;;;;;;;;;;;
;;;;;;;;;;;;;;;;;;;;;;;;
;;;;;;;;;;;;;;;;;;;;;;;;
;;;;;;;;;;;;;;;;;;;;;;;;
;;;;;;;;;;;;;;;;;;;;;;;;
;;;;;;;;;;;;;;;;;;;;;;;;
;;;;;;;;;;;;;;;;;;;;;;;;
;;;;;;;;;;;;;;;;;;;;;;;;
;;;;;;;;;;;;;;;;;;;;;;;;
;;;;;;;;;;;;;;;;;;;;;;;;
;;;;;;;;;;;;;;;;;;;;;;;;
;;;;;;;;;;;;;;;;;;;;;;;;
;;;;;;;;;;;;;;;;;;;;;;;;
;;;;;;;;;;;;;;;;;;;;;;;;
;;;;;;;;;;;;;;;;;;;;;;;;
;;;;;;;;;;;;;;;;;;;;;;;;
;;;;;;;;;;;;;;;;;;;;;;;;
;;;;;;;;;;;;;;;;;;;;;;;;
;;;;;;;;;;;;;;;;;;;;;;;;
;;;;;;;;;;;;;;;;;;;;;;;;
;;;;;;;;;;;;;;;;;;;;;;;;
;;;;;;;;;;;;;;;;;;;;;;;;
;;;;;;;;;;;;;;;;;;;;;;;;
;;;;;;;;;;;;;;;;;;;;;;;;
;;;;;;;;;;;;;;;;;;;;;;;;
;;;;;;;;;;;;;;;;;;;;;;;;
;;;;;;;;;;;;;;;;;;;;;;;;
;;;;;;;;;;;;;;;;;;;;;;;;
;;;;;;;;;;;;;;;;;;;;;;;;
;;;;;;;;;;;;;;;;;;;;;;;;
;;;;;;;;;;;;;;;;;;;;;;;;
;;;;;;;;;;;;;;;;;;;;;;;;
;;;;;;;;;;;;;;;;;;;;;;;;
;;;;;;;;;;;;;;;;;;;;;;;;
;;;;;;;;;;;;;;;;;;;;;;;;
;;;;;;;;;;;;;;;;;;;;;;;;
;;;;;;;;;;;;;;;;;;;;;;;;
;;;;;;;;;;;;;;;;;;;;;;;;
;;;;;;;;;;;;;;;;;;;;;;;;
;;;;;;;;;;;;;;;;;;;;;;;;
;;;;;;;;;;;;;;;;;;;;;;;;
;;;;;;;;;;;;;;;;;;;;;;;;
;;;;;;;;;;;;;;;;;;;;;;;;
;;;;;;;;;;;;;;;;;;;;;;;;
;;;;;;;;;;;;;;;;;;;;;;;;
;;;;;;;;;;;;;;;;;;;;;;;;
;;;;;;;;;;;;;;;;;;;;;;;;
;;;;;;;;;;;;;;;;;;;;;;;;
;;;;;;;;;;;;;;;;;;;;;;;;
;;;;;;;;;;;;;;;;;;;;;;;;
;;;;;;;;;;;;;;;;;;;;;;;;
;;;;;;;;;;;;;;;;;;;;;;;;
;;;;;;;;;;;;;;;;;;;;;;;;
;;;;;;;;;;;;;;;;;;;;;;;;
;;;;;;;;;;;;;;;;;;;;;;;;
;;;;;;;;;;;;;;;;;;;;;;;;
;;;;;;;;;;;;;;;;;;;;;;;;
;;;;;;;;;;;;;;;;;;;;;;;;
;;;;;;;;;;;;;;;;;;;;;;;;
;;;;;;;;;;;;;;;;;;;;;;;;
;;;;;;;;;;;;;;;;;;;;;;;;
;;;;;;;;;;;;;;;;;;;;;;;;
;;;;;;;;;;;;;;;;;;;;;;;;
;;;;;;;;;;;;;;;;;;;;;;;;
;;;;;;;;;;;;;;;;;;;;;;;;
;;;;;;;;;;;;;;;;;;;;;;;;
;;;;;;;;;;;;;;;;;;;;;;;;
;;;;;;;;;;;;;;;;;;;;;;;;
;;;;;;;;;;;;;;;;;;;;;;;;
;;;;;;;;;;;;;;;;;;;;;;;;
;;;;;;;;;;;;;;;;;;;;;;;;
;;;;;;;;;;;;;;;;;;;;;;;;
;;;;;;;;;;;;;;;;;;;;;;;;
;;;;;;;;;;;;;;;;;;;;;;;;
;;;;;;;;;;;;;;;;;;;;;;;;
;;;;;;;;;;;;;;;;;;;;;;;;
;;;;;;;;;;;;;;;;;;;;;;;;
;;;;;;;;;;;;;;;;;;;;;;;;
;;;;;;;;;;;;;;;;;;;;;;;;
;;;;;;;;;;;;;;;;;;;;;;;;
;;;;;;;;;;;;;;;;;;;;;;;;
;;;;;;;;;;;;;;;;;;;;;;;;
;;;;;;;;;;;;;;;;;;;;;;;;
;;;;;;;;;;;;;;;;;;;;;;;;
;;;;;;;;;;;;;;;;;;;;;;;;
;;;;;;;;;;;;;;;;;;;;;;;;
;;;;;;;;;;;;;;;;;;;;;;;;
;;;;;;;;;;;;;;;;;;;;;;;;
;;;;;;;;;;;;;;;;;;;;;;;;
;;;;;;;;;;;;;;;;;;;;;;;;
;;;;;;;;;;;;;;;;;;;;;;;;
;;;;;;;;;;;;;;;;;;;;;;;;
;;;;;;;;;;;;;;;;;;;;;;;;
